subscription_id,customer_id,product_id,plan_name,status,mrr,start_date,end_date,created_at,updated_at
1d2dd58f-cacb-4121-90fe-20e84340bd58,49fe403a-b3c9-4076-ac86-06cc4ab5b11a,58c8fb57-4bff-422d-9b08-8e3f27d2d550,Business,Active,1199.0,2021-02-15,,2021-02-15,2024-12-31
ee4c7699-afe9-4da3-a41b-35500bcb16ad,446c7ae9-63fa-4eb1-bb1c-c954e71bd50e,9f3d57a1-d96e-4856-ae46-be466aa84503,Pro,Active,585.49,2021-08-24,,2021-08-24,2024-12-31
f7195cdd-7b67-4df6-9914-96e722eb4da9,e846ccf2-758d-42e3-b701-b82e3d74046a,bf16ac86-1f74-4c16-9753-ce0f595f2600,Growth,Active,299.0,2021-02-27,,2021-02-27,2024-12-31
6ca3d300-0253-47ca-b6af-2d959067e2f9,84e78361-c4a5-4f8c-8c80-cda13f632835,89b24ab9-242d-4912-9ecb-04dbc3963341,Enterprise,Active,2258.94,2021-03-21,,2021-03-21,2024-12-31
de851a81-9f81-4a20-b440-77808e9be261,5e90e81e-599a-4efc-945c-4fb069ec795e,bf16ac86-1f74-4c16-9753-ce0f595f2600,Growth,Churned,286.52,2021-06-05,2022-07-19,2021-06-05,2022-07-19
790b275a-2f38-4414-981d-9fcd3738ea52,0c40fbbe-029d-45fc-abc6-d2579e90708d,89b24ab9-242d-4912-9ecb-04dbc3963341,Enterprise,Active,2499.0,2021-11-29,,2021-11-29,2024-12-31
f0f06ac6-822b-4bd8-9a40-6164e555a8af,f9d6ef15-341d-4733-a775-0bf95c8e23ef,bf16ac86-1f74-4c16-9753-ce0f595f2600,Growth,Active,299.0,2021-02-11,,2021-02-11,2024-12-31
b3223dd2-1d44-413d-b633-853ae900d748,54d21cb5-bd21-4495-8d99-fa037d353f62,89b24ab9-242d-4912-9ecb-04dbc3963341,Enterprise,Active,2499.0,2021-08-25,,2021-08-25,2024-12-31
f3517c98-2640-4acf-81a1-d9c3bf8c80b2,aad92c67-2331-4623-8370-5cfb12d58d41,bf16ac86-1f74-4c16-9753-ce0f595f2600,Growth,Active,299.0,2021-11-03,,2021-11-03,2024-12-31
dc477ac1-691b-44f0-9b06-323ba71b644f,c02e9bb2-8caa-454d-b678-dbdc569a65d3,89b24ab9-242d-4912-9ecb-04dbc3963341,Enterprise,Active,2499.0,2021-12-23,,2021-12-23,2024-12-31
f565f059-694f-4c9d-b39d-ba63461d74ee,3e29dd0a-fb1a-414f-8387-3bf73f2a39f1,bf16ac86-1f74-4c16-9753-ce0f595f2600,Growth,Active,299.0,2022-01-25,,2022-01-25,2024-12-31
9166ce8f-a9d8-4a10-b5a2-17a2ca1541b4,15b48e3a-79d3-4ef4-8b19-017657df61fe,bf16ac86-1f74-4c16-9753-ce0f595f2600,Growth,Churned,299.0,2021-10-04,2023-07-01,2021-10-04,2023-07-01
89cd0e31-0823-4343-9c79-1106b8b78bec,5d124ae1-0f39-4b49-80a8-30d419343013,b355e1c4-d914-48f1-89b9-ea6c5554ddf8,Starter,Active,99.0,2021-04-04,,2021-04-04,2024-12-31
0356923a-5949-4770-8543-34eeaed405a9,ce852300-dbe8-4307-8fd0-200a50b22e0f,bf16ac86-1f74-4c16-9753-ce0f595f2600,Growth,Active,299.0,2021-05-04,,2021-05-04,2024-12-31
044e3490-7b44-4f78-b7ef-893ad7bf0675,3d7edd51-84d3-42e4-96f4-e3fe36f59890,58c8fb57-4bff-422d-9b08-8e3f27d2d550,Business,Active,1199.0,2021-04-02,,2021-04-02,2024-12-31
2723f48a-0b2f-469d-ae99-6dd7bab3ee16,3e191653-16bd-4b24-bea7-a8636a56313c,9f3d57a1-d96e-4856-ae46-be466aa84503,Pro,Churned,525.45,2021-06-21,2022-03-27,2021-06-21,2022-03-27
4a5d499a-2d2a-4a30-960a-12c94b0dcc04,b4a28cee-48ac-43d0-bb0d-500e9ae8decf,b355e1c4-d914-48f1-89b9-ea6c5554ddf8,Starter,Active,91.45,2021-12-07,,2021-12-07,2024-12-31
23c820bf-cb4a-4d65-b35c-bc6f177c192c,5b95e2d5-a83f-4577-9f1e-66343f8bfcf8,89b24ab9-242d-4912-9ecb-04dbc3963341,Enterprise,Active,2357.3,2021-02-20,,2021-02-20,2024-12-31
52263376-d02a-459b-b849-c99f0d18d7b3,8c2fb6d1-2419-4ec7-adb3-0cfb0b0f4e2a,bf16ac86-1f74-4c16-9753-ce0f595f2600,Growth,Churned,299.0,2021-09-09,2022-02-27,2021-09-09,2022-02-27
bf5d1d39-0d95-45e4-b1dc-cb6debd320d9,b194f822-6730-4207-bd15-ab1e077514d9,58c8fb57-4bff-422d-9b08-8e3f27d2d550,Business,Active,1199.0,2021-02-09,,2021-02-09,2024-12-31
f395af29-e812-4991-9fc2-8b51d22b77aa,480d64f5-62b2-4d48-883a-70cb842159b5,89b24ab9-242d-4912-9ecb-04dbc3963341,Enterprise,Active,2499.0,2021-06-07,,2021-06-07,2024-12-31
41d2dd7e-d5f8-48a4-9d9c-f57479c3da2d,b7863351-b06e-4980-843e-831000c914ea,9f3d57a1-d96e-4856-ae46-be466aa84503,Pro,Active,522.57,2021-04-20,,2021-04-20,2024-12-31
aae2dc62-8ba5-44f8-9c22-815b3eed6145,c01e254a-556e-4537-8f43-a69da1586d81,bf16ac86-1f74-4c16-9753-ce0f595f2600,Growth,Churned,299.0,2021-06-06,2021-10-07,2021-06-06,2021-10-07
7b2d7d93-415c-422a-af27-497b5c98200d,bba0d79d-0006-44a5-931a-1516732765e3,58c8fb57-4bff-422d-9b08-8e3f27d2d550,Business,Active,1199.0,2021-01-30,,2021-01-30,2024-12-31
e5793226-4fc3-4114-b588-4f61a8486822,c9f6c4c8-61e5-41f0-b9c0-7b722845b32b,58c8fb57-4bff-422d-9b08-8e3f27d2d550,Business,Active,1172.32,2021-09-06,,2021-09-06,2024-12-31
3b9f2add-d3c4-409e-b799-7795946800ab,b7de007b-8248-47f9-b248-2437b072bdb9,bf16ac86-1f74-4c16-9753-ce0f595f2600,Growth,Churned,299.0,2021-06-15,2024-05-17,2021-06-15,2024-05-17
863c2d5e-7d1c-47af-bd2a-4597197c7582,136d8cae-933e-4975-ae3f-a219d01119a1,58c8fb57-4bff-422d-9b08-8e3f27d2d550,Business,Active,1199.0,2021-02-13,,2021-02-13,2024-12-31
f5fae3a1-546d-4c83-990b-6a1446341b72,84b88b93-9b98-404e-ba46-bc10506ac05e,9f3d57a1-d96e-4856-ae46-be466aa84503,Pro,Active,599.0,2021-06-04,,2021-06-04,2024-12-31
32b0c4d3-2ab7-46bc-a272-14c8579b93a3,1580ba93-4168-44e0-9fa2-8d111f4d527e,58c8fb57-4bff-422d-9b08-8e3f27d2d550,Business,Active,1006.28,2021-06-05,,2021-06-05,2024-12-31
d127af9f-eabe-49df-b9fd-c9e99418e868,1a6e24fa-963d-4dcf-826c-39999bc6f94c,58c8fb57-4bff-422d-9b08-8e3f27d2d550,Business,Active,949.57,2021-05-13,,2021-05-13,2024-12-31
100dec61-fc15-4fd1-b907-98540ab6ba90,664c78d5-880e-488f-ba7a-142a1e9a8313,89b24ab9-242d-4912-9ecb-04dbc3963341,Enterprise,Active,2499.0,2021-03-02,,2021-03-02,2024-12-31
8dcc0f3f-f9c9-409f-9a4a-74b027b3124c,85bf1379-c664-42ae-b0bb-2b75b31b3fda,b355e1c4-d914-48f1-89b9-ea6c5554ddf8,Starter,Churned,99.0,2021-11-09,2023-05-20,2021-11-09,2023-05-20
af0ec533-3751-4caf-9278-5159e786eb89,efb33b71-6daf-4293-bba5-e9a55039a884,b355e1c4-d914-48f1-89b9-ea6c5554ddf8,Starter,Active,99.0,2021-07-18,,2021-07-18,2024-12-31
99528079-c558-46ab-b6da-a115ab5464ff,bc360478-cbd3-42a2-a066-c7b7b4fa6538,58c8fb57-4bff-422d-9b08-8e3f27d2d550,Business,Active,1081.04,2021-03-27,,2021-03-27,2024-12-31
a1de9fdb-9bf7-4ec5-bb28-06f84de7b26f,e77a90b9-1235-41c9-85d6-52065b15cf2f,89b24ab9-242d-4912-9ecb-04dbc3963341,Enterprise,Churned,2307.79,2021-05-20,2022-11-11,2021-05-20,2022-11-11
42fea5f5-9807-4b49-9e53-8795b8fda51e,dc77c830-5903-4667-a0ae-b1e1f232b6ac,58c8fb57-4bff-422d-9b08-8e3f27d2d550,Business,Active,920.04,2021-06-24,,2021-06-24,2024-12-31
82a82526-ca85-4543-b98a-24f72d825dc1,caab565f-45ec-4f72-960e-95fc82e0accc,58c8fb57-4bff-422d-9b08-8e3f27d2d550,Business,Active,1199.0,2021-07-17,,2021-07-17,2024-12-31
e22a2216-63ee-4db0-9d3c-2d5734c50de1,991aa36d-5d41-4fe3-9fdc-a25ac6a35809,b355e1c4-d914-48f1-89b9-ea6c5554ddf8,Starter,Active,99.0,2021-03-05,,2021-03-05,2024-12-31
d95a07de-dd06-4955-959a-8b9c44c31f15,1d77f8f5-c4c4-4fb9-b12e-308b391c2022,bf16ac86-1f74-4c16-9753-ce0f595f2600,Growth,Active,248.31,2021-03-05,,2021-03-05,2024-12-31
779c27d0-d897-41ea-bc5b-8e65db99ca26,3d34fcf4-3acb-4cee-b6ee-05d1354a637d,89b24ab9-242d-4912-9ecb-04dbc3963341,Enterprise,Churned,2499.0,2021-06-10,2023-04-30,2021-06-10,2023-04-30
cd3e4790-2fcc-4d01-8ce6-12056831ba11,87637970-d7cd-4c85-a686-8b679c98c9bd,89b24ab9-242d-4912-9ecb-04dbc3963341,Enterprise,Active,2499.0,2021-12-21,,2021-12-21,2024-12-31
93cc5d84-bfc8-4501-80b1-f7f69a42cc7e,50d7dd04-ca0d-4bc4-bca2-049cd6b2609b,9f3d57a1-d96e-4856-ae46-be466aa84503,Pro,Active,571.99,2021-11-18,,2021-11-18,2024-12-31
194beb03-dfa6-4d84-a534-73cebacf6afb,e3472d50-14ba-4f4a-9ad8-72ee5a667956,bf16ac86-1f74-4c16-9753-ce0f595f2600,Growth,Active,272.61,2021-12-11,,2021-12-11,2024-12-31
14c39ce5-a688-4ba5-8939-fd9f3782e64b,b4da18a6-6691-4b06-8c45-a65a119ce1db,bf16ac86-1f74-4c16-9753-ce0f595f2600,Growth,Active,299.0,2021-12-24,,2021-12-24,2024-12-31
428e3f94-211d-4ba4-9dfb-e6a0d1e8b7fa,59f245e9-bc50-4a6e-8db3-15c55980ba3f,b355e1c4-d914-48f1-89b9-ea6c5554ddf8,Starter,Active,97.87,2021-04-14,,2021-04-14,2024-12-31
085679d3-b5e9-4988-a949-778e128a3bf5,13225689-e9fd-476d-8881-3a9e0c135591,b355e1c4-d914-48f1-89b9-ea6c5554ddf8,Starter,Active,99.0,2021-04-06,,2021-04-06,2024-12-31
6f01cbef-c807-4aa0-9cea-a7fcc11339f8,c6074c67-6583-4d9e-b117-4bb139942682,89b24ab9-242d-4912-9ecb-04dbc3963341,Enterprise,Active,2019.66,2021-10-18,,2021-10-18,2024-12-31
a4594c06-8e53-43a9-9737-17dc79a68668,a9266045-5036-4c15-b177-e8c3124a798f,58c8fb57-4bff-422d-9b08-8e3f27d2d550,Business,Active,1193.74,2021-11-27,,2021-11-27,2024-12-31
87785357-8478-4296-be8d-6d8f2870b479,f86a8948-53bf-4e07-b58d-1fb339cacc6f,89b24ab9-242d-4912-9ecb-04dbc3963341,Enterprise,Active,2499.0,2022-02-02,,2022-02-02,2024-12-31
21d3ab6c-09da-4402-9e1d-c6f403bba6e6,8641a9aa-9cb2-4c85-92a1-452906a1ee07,bf16ac86-1f74-4c16-9753-ce0f595f2600,Growth,Active,273.02,2021-11-07,,2021-11-07,2024-12-31
ce49df81-57e3-408d-9332-f1b8a12146ea,98209da2-0d3a-4ea5-8815-def9348f1283,b355e1c4-d914-48f1-89b9-ea6c5554ddf8,Starter,Active,82.87,2021-10-22,,2021-10-22,2024-12-31
d0d489d6-46ef-4f30-9a01-90fecf5e49ac,aeea3c8f-f327-4d02-bf08-ecd8a6239aa5,58c8fb57-4bff-422d-9b08-8e3f27d2d550,Business,Active,1199.0,2021-04-13,,2021-04-13,2024-12-31
6472083a-8ee7-4ccc-a6d8-68a1bd2456de,17bdea4c-75e7-48d7-a424-1ae7c444d978,b355e1c4-d914-48f1-89b9-ea6c5554ddf8,Starter,Churned,90.1,2021-04-16,2023-09-06,2021-04-16,2023-09-06
f48cf815-643b-4388-b5b9-d3d65dbe1aa1,a9b88178-de75-45ad-9cac-42940175690b,9f3d57a1-d96e-4856-ae46-be466aa84503,Pro,Active,599.0,2021-05-10,,2021-05-10,2024-12-31
4308f95c-4551-47ef-aea0-96664c6a9b89,6c4d0cff-6d61-4aa3-be5c-c1f67cc15a41,58c8fb57-4bff-422d-9b08-8e3f27d2d550,Business,Active,1199.0,2021-02-19,,2021-02-19,2024-12-31
d4f30050-2121-4e16-9e5b-ba30ab0631c7,fa1e7edd-af1f-425c-8d1d-bc523d9a2e16,89b24ab9-242d-4912-9ecb-04dbc3963341,Enterprise,Active,2499.0,2021-09-27,,2021-09-27,2024-12-31
3640072b-9466-4a56-956a-abfed472e94d,7341334c-4c21-47b0-8426-b2bff6fd74fe,89b24ab9-242d-4912-9ecb-04dbc3963341,Enterprise,Active,2001.9,2021-03-26,,2021-03-26,2024-12-31
4301fa2e-95f5-4954-9071-dfd4fad4b1e0,7c37b980-066b-4fa7-b4ac-4aa1fbc9f7c1,b355e1c4-d914-48f1-89b9-ea6c5554ddf8,Starter,Active,93.05,2021-02-22,,2021-02-22,2024-12-31
385d7332-582f-4d13-8507-29884181e9ce,b9386cf7-e259-4b85-a3b0-12b9f0d6fba3,89b24ab9-242d-4912-9ecb-04dbc3963341,Enterprise,Active,2429.5,2021-03-17,,2021-03-17,2024-12-31
0fc1e823-c7a1-4dd8-bd06-3fe47dc925c2,b2dd862f-600c-45c3-8bde-7b610893c9d9,bf16ac86-1f74-4c16-9753-ce0f595f2600,Growth,Churned,299.0,2021-08-14,2022-01-07,2021-08-14,2022-01-07
9f27b4cb-3bdc-4fed-b071-fc143535f0a4,93e6c5d0-35f1-43d0-951a-0f3f1f11aaab,9f3d57a1-d96e-4856-ae46-be466aa84503,Pro,Active,535.8,2022-05-20,,2022-05-20,2024-12-31
a6546e54-7bd5-48ce-8962-bb438b799d7e,11a420b6-749f-4bab-8d31-3b04fedc4e3a,89b24ab9-242d-4912-9ecb-04dbc3963341,Enterprise,Active,2499.0,2022-02-03,,2022-02-03,2024-12-31
70fb940b-b9a4-413e-ace1-99b580f2726f,06a597c3-5b3d-4124-9747-1d7d5874691e,b355e1c4-d914-48f1-89b9-ea6c5554ddf8,Starter,Active,98.51,2022-11-07,,2022-11-07,2024-12-31
69b914fe-a1b0-4853-924a-861a4c391066,d2715e6e-ea60-4ef1-802e-496400c44f51,bf16ac86-1f74-4c16-9753-ce0f595f2600,Growth,Active,299.0,2022-09-30,,2022-09-30,2024-12-31
766c0e47-f952-4023-8530-5229c1b24375,abcd974c-5ef2-4db4-83d6-e19a17a3f278,89b24ab9-242d-4912-9ecb-04dbc3963341,Enterprise,Active,2499.0,2022-08-01,,2022-08-01,2024-12-31
d49d6d3e-c661-488b-949b-98decce9f936,7808ee0d-a624-41ab-9a2c-ddc3437e14d1,bf16ac86-1f74-4c16-9753-ce0f595f2600,Growth,Active,299.0,2022-07-10,,2022-07-10,2024-12-31
7fa7eb4e-08f5-421c-afcb-8b9304cef290,99cae1e5-28ca-45fa-82ae-66b107d04cc6,9f3d57a1-d96e-4856-ae46-be466aa84503,Pro,Active,543.2,2022-11-07,,2022-11-07,2024-12-31
db3cb704-102d-4e5d-b036-df932746faf9,9056027a-be46-4bb3-a352-59e43946f7f6,9f3d57a1-d96e-4856-ae46-be466aa84503,Pro,Active,599.0,2022-11-03,,2022-11-03,2024-12-31
b3144649-5e0b-4d78-8359-8d0b86522f03,441b35bd-ea4c-4eff-98bd-fe66a3595b59,b355e1c4-d914-48f1-89b9-ea6c5554ddf8,Starter,Active,99.0,2022-02-23,,2022-02-23,2024-12-31
88e2843a-af53-4d61-955d-db63161a8ad6,e8ebc6c4-7983-4049-a017-e771df20c9ba,b355e1c4-d914-48f1-89b9-ea6c5554ddf8,Starter,Active,99.0,2022-04-05,,2022-04-05,2024-12-31
3b95eb46-756f-4547-875f-29f06338d10e,7a4d3e3a-bfaa-49b5-967f-ddd4eb1f6bb2,b355e1c4-d914-48f1-89b9-ea6c5554ddf8,Starter,Active,99.0,2022-11-08,,2022-11-08,2024-12-31
fd3e2690-522f-4ca9-a1e2-b1bec84c2667,818fe732-cdf4-4531-b5ba-d567b9c60b01,9f3d57a1-d96e-4856-ae46-be466aa84503,Pro,Churned,491.74,2022-05-20,2023-03-20,2022-05-20,2023-03-20
d6b3d337-5a13-4939-8bd9-90ef400c26e8,2761606c-53f4-4296-968c-44225c56f0ca,89b24ab9-242d-4912-9ecb-04dbc3963341,Enterprise,Churned,2499.0,2022-09-01,2024-12-16,2022-09-01,2024-12-16
b30dc201-ef3e-46d3-b9cf-1bd628c3c2bb,386f7870-41f1-489c-9c3b-71e04bb5dc5d,89b24ab9-242d-4912-9ecb-04dbc3963341,Enterprise,Active,2499.0,2022-12-10,,2022-12-10,2024-12-31
baf97bef-e621-4bff-b629-fa4e98d7f022,06632ee0-6563-4a21-95dd-229041ec5eeb,89b24ab9-242d-4912-9ecb-04dbc3963341,Enterprise,Active,2265.62,2022-07-22,,2022-07-22,2024-12-31
03b233ce-df56-4201-a513-406c30f28ef5,be56edef-ca31-4820-80ba-926c0ac05d0a,89b24ab9-242d-4912-9ecb-04dbc3963341,Enterprise,Active,2499.0,2022-10-24,,2022-10-24,2024-12-31
cf6c19d4-e2af-4e2a-bb1a-bc711032c016,c70815fd-b7a5-4786-b278-b468913513b0,89b24ab9-242d-4912-9ecb-04dbc3963341,Enterprise,Active,2250.34,2022-11-19,,2022-11-19,2024-12-31
dc70822d-ddb4-4f2d-b23e-32481aeec320,a4379746-9458-443c-8f42-1d7463cccf8d,89b24ab9-242d-4912-9ecb-04dbc3963341,Enterprise,Active,2358.4,2022-05-06,,2022-05-06,2024-12-31
343c593b-343d-41bc-9544-e5aff5d8e8b7,b3ac80bb-5bfa-47de-b76b-a4716dba5e73,58c8fb57-4bff-422d-9b08-8e3f27d2d550,Business,Active,1199.0,2022-07-19,,2022-07-19,2024-12-31
bfae9346-17e5-4a90-8f23-ce6f2972e7ce,21d927b5-a29b-45d4-82d9-e93f4093b619,89b24ab9-242d-4912-9ecb-04dbc3963341,Enterprise,Active,2440.84,2022-08-13,,2022-08-13,2024-12-31
bc0438f7-3291-44e1-bd62-25ef9725f72a,8eb76e14-1716-4949-80a8-581b64ed3198,b355e1c4-d914-48f1-89b9-ea6c5554ddf8,Starter,Active,97.83,2022-10-12,,2022-10-12,2024-12-31
748999ec-c31f-4476-a499-5a58af06cba8,2d224a8d-11b6-4d12-8069-70b0f21242be,b355e1c4-d914-48f1-89b9-ea6c5554ddf8,Starter,Active,99.0,2022-01-28,,2022-01-28,2024-12-31
5bb36cb6-c95c-4601-b5a9-94822020ea2e,ff18d299-8eef-4653-8f67-4bbfab38ae51,58c8fb57-4bff-422d-9b08-8e3f27d2d550,Business,Churned,1199.0,2022-09-20,2023-12-12,2022-09-20,2023-12-12
c844129a-8a57-4471-a2c5-8c6e5ce1aba1,f1889004-58c4-4cda-8990-8f35bb15315f,89b24ab9-242d-4912-9ecb-04dbc3963341,Enterprise,Churned,2297.57,2022-09-12,2023-07-05,2022-09-12,2023-07-05
a05c7e3a-44a1-4ca4-aa6f-13a8580dae5f,c493005d-a4ee-44a9-9e5a-42bb78e225fe,9f3d57a1-d96e-4856-ae46-be466aa84503,Pro,Active,583.76,2022-08-05,,2022-08-05,2024-12-31
c08e4d3a-21c7-4a93-866b-2431ad3a2fc9,a86bc22f-0a3f-4446-8aa7-a416d103f746,89b24ab9-242d-4912-9ecb-04dbc3963341,Enterprise,Active,2499.0,2022-04-22,,2022-04-22,2024-12-31
4c096780-bf0a-45ec-af14-f2a5ff9af7c4,331cb54b-4472-43d7-bf57-4f6c80b58683,b355e1c4-d914-48f1-89b9-ea6c5554ddf8,Starter,Active,97.87,2022-11-10,,2022-11-10,2024-12-31
9c4b7d2c-91b5-43ad-b696-48107ac47b17,d6bd8a04-f449-4c05-b6e4-b5f744ae1121,89b24ab9-242d-4912-9ecb-04dbc3963341,Enterprise,Active,2345.06,2022-09-12,,2022-09-12,2024-12-31
8fd7f4c6-20e7-4170-a07e-0e4119f10426,4dbbb010-ea82-48f8-b976-291b0e106859,bf16ac86-1f74-4c16-9753-ce0f595f2600,Growth,Active,254.28,2022-04-05,,2022-04-05,2024-12-31
70881374-f583-47b3-9e59-53afbb14d475,c8dba900-6357-4da2-8b83-419d610a8a6b,58c8fb57-4bff-422d-9b08-8e3f27d2d550,Business,Active,1089.15,2022-06-20,,2022-06-20,2024-12-31
beceafaf-2b18-4c22-813e-00a6b9b0cd1f,a5074a66-9dfa-4423-ac38-50cd6f6c8769,58c8fb57-4bff-422d-9b08-8e3f27d2d550,Business,Active,1180.37,2022-05-30,,2022-05-30,2024-12-31
242ae4be-2340-4123-99ee-e149f183a4ff,d439b953-c5f2-4887-aa07-ef99b5f74692,89b24ab9-242d-4912-9ecb-04dbc3963341,Enterprise,Active,2499.0,2022-09-06,,2022-09-06,2024-12-31
5b69b0e5-fcf0-4de4-93b8-86592be2f3e5,60186fac-a322-4359-9d0d-62d041be4c90,58c8fb57-4bff-422d-9b08-8e3f27d2d550,Business,Active,1087.76,2022-10-02,,2022-10-02,2024-12-31
9c7ba38b-ea30-4397-8380-ca1e95350942,67f11742-2e19-42a4-b13d-99901b714363,9f3d57a1-d96e-4856-ae46-be466aa84503,Pro,Active,599.0,2022-04-20,,2022-04-20,2024-12-31
b56604b5-9f1d-435b-a54e-2c0f1f44db05,16c15593-eccf-49a1-b4ee-a1074b97caa2,9f3d57a1-d96e-4856-ae46-be466aa84503,Pro,Active,599.0,2022-03-14,,2022-03-14,2024-12-31
cf166fee-9a63-4020-9fb2-05230859727d,f53ec6ef-6c75-40c5-8d0f-4b58da26516c,bf16ac86-1f74-4c16-9753-ce0f595f2600,Growth,Active,299.0,2022-10-11,,2022-10-11,2024-12-31
082b4244-e43e-4663-bf8d-94892e6e7c61,040d1e61-1ef1-492f-ba48-642ec3d4556b,9f3d57a1-d96e-4856-ae46-be466aa84503,Pro,Active,533.15,2022-12-27,,2022-12-27,2024-12-31
d68abb0c-04e4-4ef3-bd16-4c6d09c6e935,9dd4bc75-6b1f-4c41-9570-bacb2b8fd3f0,b355e1c4-d914-48f1-89b9-ea6c5554ddf8,Starter,Active,84.06,2022-12-08,,2022-12-08,2024-12-31
56e4ed66-c2b7-4592-91d5-ce3ed8999588,3ff0bcfd-2216-49b2-bb13-7b0317fa9bf0,bf16ac86-1f74-4c16-9753-ce0f595f2600,Growth,Churned,243.49,2022-04-02,2022-10-28,2022-04-02,2022-10-28
d07a7779-6325-48cc-a590-e9f03eb4e3df,11c0ae1c-6807-4839-a075-2ba380d229b9,9f3d57a1-d96e-4856-ae46-be466aa84503,Pro,Active,599.0,2022-07-04,,2022-07-04,2024-12-31
5a6b3fc1-9d9b-455d-8d23-748fefd3edd5,07483a52-e93d-4c99-a37b-14690fc559ad,b355e1c4-d914-48f1-89b9-ea6c5554ddf8,Starter,Active,99.0,2022-03-31,,2022-03-31,2024-12-31
70641eca-fa37-47d7-8488-cc50626ca6ac,17d86443-04a8-4799-9742-980d12ecbd8a,58c8fb57-4bff-422d-9b08-8e3f27d2d550,Business,Active,1093.84,2022-10-25,,2022-10-25,2024-12-31
586d9cb7-1383-47fc-be92-a4abea49cca4,2d7bfe40-7060-4da0-b1d6-f9dc1c5b7acc,9f3d57a1-d96e-4856-ae46-be466aa84503,Pro,Churned,586.05,2022-12-03,2024-03-20,2022-12-03,2024-03-20
102139c1-c625-414f-839b-ad70d5af13a2,12ad98d9-69dc-4c76-bf41-5d9206348941,b355e1c4-d914-48f1-89b9-ea6c5554ddf8,Starter,Active,91.3,2022-03-06,,2022-03-06,2024-12-31
6745ba86-f281-49cc-87d4-58b561117f92,e25716e5-30eb-4f52-bf48-4cfd60357987,b355e1c4-d914-48f1-89b9-ea6c5554ddf8,Starter,Active,99.0,2022-08-08,,2022-08-08,2024-12-31
33663515-f263-4761-b38e-07deb08b5f80,fb3ecb90-a4a3-4189-a8ad-125418bb287e,bf16ac86-1f74-4c16-9753-ce0f595f2600,Growth,Active,293.31,2022-08-27,,2022-08-27,2024-12-31
4b204a5b-74a0-4806-90e4-d9e67e9e7468,887e838b-5763-459d-8dac-c46b7ffc4149,89b24ab9-242d-4912-9ecb-04dbc3963341,Enterprise,Active,2499.0,2022-10-25,,2022-10-25,2024-12-31
5c6f43ce-aaa5-4f9b-95e8-84ca9478d9cd,f2fe42de-f427-4392-8aef-f6d87a81f3bd,bf16ac86-1f74-4c16-9753-ce0f595f2600,Growth,Active,299.0,2022-12-12,,2022-12-12,2024-12-31
e8e1d40c-ccc6-4bfb-984b-f7a0aec5407b,731054be-137f-4184-8c25-58fd4cdcbf40,89b24ab9-242d-4912-9ecb-04dbc3963341,Enterprise,Active,2499.0,2022-05-30,,2022-05-30,2024-12-31
8e58054d-43bf-4293-8a52-7f8f9e266a90,a0ec0ba5-a924-43fb-93ac-3d79a6148bb2,bf16ac86-1f74-4c16-9753-ce0f595f2600,Growth,Active,299.0,2022-05-11,,2022-05-11,2024-12-31
6d06715d-08ea-4186-9077-959353f2d029,8f8bbda7-2fd1-4743-8c2c-46fd75cd75df,89b24ab9-242d-4912-9ecb-04dbc3963341,Enterprise,Churned,2499.0,2022-08-11,2022-12-24,2022-08-11,2022-12-24
14509360-bca1-4669-9d40-a643fae3e5f2,75f8ce16-7f49-4ca5-8b10-97ca85a519d5,89b24ab9-242d-4912-9ecb-04dbc3963341,Enterprise,Active,2499.0,2022-01-28,,2022-01-28,2024-12-31
37d1377c-44bd-4edb-94be-c0cb752cde28,0eddd1e6-637d-4822-8aea-b43f860069a1,b355e1c4-d914-48f1-89b9-ea6c5554ddf8,Starter,Active,87.57,2023-01-29,,2023-01-29,2024-12-31
9871c77d-84ba-4868-a959-21fb72506c6c,aca97e8e-ae5c-4ce0-9a53-441d97b1a796,b355e1c4-d914-48f1-89b9-ea6c5554ddf8,Starter,Active,99.0,2022-12-27,,2022-12-27,2024-12-31
f6d426e7-73a0-481e-a7a7-8cf5e9746874,46afbfff-8a45-4242-8137-6286a601f490,bf16ac86-1f74-4c16-9753-ce0f595f2600,Growth,Active,289.41,2022-12-14,,2022-12-14,2024-12-31
8e89858b-f553-414d-aad1-39a8de018da8,67ae4440-b8b8-4d51-9adf-f2eb5aa5837e,89b24ab9-242d-4912-9ecb-04dbc3963341,Enterprise,Active,2129.47,2022-03-18,,2022-03-18,2024-12-31
e2e50a9f-cbed-4260-84a1-d38a03723193,bb1e982d-c183-4273-ad42-6267695495b1,9f3d57a1-d96e-4856-ae46-be466aa84503,Pro,Churned,599.0,2022-08-19,2023-03-14,2022-08-19,2023-03-14
741f9eef-22fc-4677-8e83-7edd871bee7f,92cba2b0-01be-47a3-9ebf-bc54b50d7f62,b355e1c4-d914-48f1-89b9-ea6c5554ddf8,Starter,Active,89.51,2022-08-05,,2022-08-05,2024-12-31
26fa6383-270c-4432-8b25-6a6e7e67ef8b,6029b9a2-77c7-49d4-b546-f716034e9c95,bf16ac86-1f74-4c16-9753-ce0f595f2600,Growth,Active,282.78,2022-10-22,,2022-10-22,2024-12-31
03ef9bcd-3a09-42c1-8c1a-eda1e8bc591b,689aec55-d459-427f-b7c2-b03e848968c6,bf16ac86-1f74-4c16-9753-ce0f595f2600,Growth,Active,299.0,2022-06-10,,2022-06-10,2024-12-31
9df4af50-8281-42d8-81c0-fa7a5478234b,e8c78759-28ef-42c6-858b-1755007a1b16,89b24ab9-242d-4912-9ecb-04dbc3963341,Enterprise,Active,2437.82,2022-06-27,,2022-06-27,2024-12-31
6bd26058-7273-4632-92ec-efec6e1e01a8,576e881e-be43-43b6-9532-9ecce6f02c47,9f3d57a1-d96e-4856-ae46-be466aa84503,Pro,Active,599.0,2022-11-02,,2022-11-02,2024-12-31
529b34d3-5abc-4328-8633-3ec38d1e5fad,3a43ac17-907f-4c61-8bd4-25aa283275d1,bf16ac86-1f74-4c16-9753-ce0f595f2600,Growth,Active,299.0,2022-01-28,,2022-01-28,2024-12-31
c5150522-b2dd-4f01-993d-2c5ab5ad2d49,d27cbffe-73db-431b-93ae-f852a38a98c3,b355e1c4-d914-48f1-89b9-ea6c5554ddf8,Starter,Active,99.0,2022-05-26,,2022-05-26,2024-12-31
7d29dc3b-c41f-4b20-8c74-1b3a7af8822c,9df49370-c7a7-4cd3-98c9-2dc79c9bf76b,b355e1c4-d914-48f1-89b9-ea6c5554ddf8,Starter,Active,99.0,2022-02-20,,2022-02-20,2024-12-31
3045caf5-f5ec-4e9b-91e4-bd5781eb515e,7903c4d3-732d-492e-8e16-aded1eb9fba5,89b24ab9-242d-4912-9ecb-04dbc3963341,Enterprise,Active,1915.01,2022-02-13,,2022-02-13,2024-12-31
700eb5a2-7dc0-4863-821c-318806ca8069,bfb0d8c6-fe41-4949-9806-76def4fdbde0,58c8fb57-4bff-422d-9b08-8e3f27d2d550,Business,Active,1125.1,2022-02-25,,2022-02-25,2024-12-31
f2365744-a498-4612-9c95-68b60e74a668,529a40fe-63a0-468c-81b6-7366631aee62,bf16ac86-1f74-4c16-9753-ce0f595f2600,Growth,Active,237.13,2022-07-10,,2022-07-10,2024-12-31
ca10d079-b532-4677-9009-43ceb3212857,3f2b1e38-4339-4e4b-87c5-cb813e2e3a4a,b355e1c4-d914-48f1-89b9-ea6c5554ddf8,Starter,Active,74.64,2022-11-27,,2022-11-27,2024-12-31
fd8df9dd-2624-4d2d-a16f-6daffb06502d,e1fec497-e153-424f-9cc5-23c3a6113aed,b355e1c4-d914-48f1-89b9-ea6c5554ddf8,Starter,Active,99.0,2022-11-02,,2022-11-02,2024-12-31
eaf613f4-3624-4807-a71f-e7fe3edc520f,f9af600b-1403-4e3f-8034-35bcd58fa6df,58c8fb57-4bff-422d-9b08-8e3f27d2d550,Business,Active,1161.78,2022-05-10,,2022-05-10,2024-12-31
225af3e8-4958-48ea-9ef9-7a77c8a4e20a,cfc59702-e546-4db5-8c6d-fbf5ac561b75,58c8fb57-4bff-422d-9b08-8e3f27d2d550,Business,Churned,1142.58,2022-09-01,2024-08-22,2022-09-01,2024-08-22
0894db51-bdc1-4214-8231-d585562b8851,aea72970-1831-4076-9bb9-409091b10238,9f3d57a1-d96e-4856-ae46-be466aa84503,Pro,Churned,544.32,2022-06-15,2024-07-25,2022-06-15,2024-07-25
598bf0e9-b41b-4ab3-9a45-dba50d104f4c,a75a367f-a940-452a-b5e1-951253f06624,9f3d57a1-d96e-4856-ae46-be466aa84503,Pro,Active,599.0,2022-12-01,,2022-12-01,2024-12-31
e7096865-a024-47a1-b8d6-ddeb22d0b736,bda169ad-248c-425a-8d5c-2c586441b425,b355e1c4-d914-48f1-89b9-ea6c5554ddf8,Starter,Active,98.35,2022-03-26,,2022-03-26,2024-12-31
a1c3b57d-c06f-4041-be78-66fc59ab2825,c74ed861-4a88-4954-996d-a54914aeb8ef,58c8fb57-4bff-422d-9b08-8e3f27d2d550,Business,Active,1199.0,2022-08-23,,2022-08-23,2024-12-31
a5eacd46-2eb6-4592-a810-6112c5c63e8c,e4378e5b-5a66-4822-8a85-8d94e59c15d5,9f3d57a1-d96e-4856-ae46-be466aa84503,Pro,Active,599.0,2022-12-28,,2022-12-28,2024-12-31
5ff038f6-d322-4cd9-9be4-99fbd92ec5b0,1c1ff6ab-7ae0-4eb3-b033-e6845a4cd7b3,89b24ab9-242d-4912-9ecb-04dbc3963341,Enterprise,Active,2499.0,2022-03-24,,2022-03-24,2024-12-31
9ed2d26d-52df-4540-a3cb-7174394b7ba4,2a2afa5d-ffef-423f-b3b1-74132e71a859,b355e1c4-d914-48f1-89b9-ea6c5554ddf8,Starter,Active,99.0,2023-01-18,,2023-01-18,2024-12-31
c4fb8e72-1694-48f6-a92f-ddd8e262fa10,62f4e421-0d3d-42f7-b5dc-3508d6cbdd08,b355e1c4-d914-48f1-89b9-ea6c5554ddf8,Starter,Active,99.0,2022-03-08,,2022-03-08,2024-12-31
c6aec810-0012-4e04-82ee-62afd4d999c2,e75e6935-0d36-4926-9543-7d793c1d9145,58c8fb57-4bff-422d-9b08-8e3f27d2d550,Business,Active,1199.0,2022-06-02,,2022-06-02,2024-12-31
91466507-0aa9-4a28-b8d0-c2871d09251b,65cb0c1d-6027-40f1-b3cd-718fa4e81b99,89b24ab9-242d-4912-9ecb-04dbc3963341,Enterprise,Active,2499.0,2022-12-20,,2022-12-20,2024-12-31
1ac03b27-0cf0-438d-9f46-0b587c3646c1,f1e1f25b-4b8f-4558-a7d1-ba359d02b271,58c8fb57-4bff-422d-9b08-8e3f27d2d550,Business,Churned,1199.0,2022-09-06,2023-07-06,2022-09-06,2023-07-06
c3b3fb3b-d5aa-4aa7-be41-d00826475619,89cf8d77-f4c7-4093-a508-02a83e1e920d,89b24ab9-242d-4912-9ecb-04dbc3963341,Enterprise,Active,2391.26,2022-07-05,,2022-07-05,2024-12-31
6acadaa3-6e71-4d21-a45d-de33fec37f44,ea4d7e05-1e33-460c-910e-bb7094d08353,9f3d57a1-d96e-4856-ae46-be466aa84503,Pro,Churned,490.17,2022-09-30,2024-11-13,2022-09-30,2024-11-13
dfd26b07-847c-4c8e-bfd2-dd0794c57790,07a4c366-9563-4796-8fdc-3eaedda8ad42,b355e1c4-d914-48f1-89b9-ea6c5554ddf8,Starter,Active,99.0,2022-11-25,,2022-11-25,2024-12-31
13979c62-a7af-4157-8601-ffaa27a26ef6,6709fcab-0463-429e-a75b-5ed00f09c58b,58c8fb57-4bff-422d-9b08-8e3f27d2d550,Business,Active,1185.29,2022-03-26,,2022-03-26,2024-12-31
a99a834f-e0bf-4f7b-827a-1be2a5ddf7d7,e4338ca0-bc5e-45ce-8dfc-f0b465753028,89b24ab9-242d-4912-9ecb-04dbc3963341,Enterprise,Churned,2212.49,2022-08-14,2024-01-01,2022-08-14,2024-01-01
c3bff3c8-7057-48d1-8d40-dd48e9f12680,54f593f7-e667-4bf6-934f-f9d02175f04c,b355e1c4-d914-48f1-89b9-ea6c5554ddf8,Starter,Churned,99.0,2022-02-27,2024-09-07,2022-02-27,2024-09-07
be9be280-dbc8-40d3-a987-eb672506f4e5,6d7cd4b2-2589-46c6-b481-16ee91503ecd,89b24ab9-242d-4912-9ecb-04dbc3963341,Enterprise,Active,2499.0,2022-11-01,,2022-11-01,2024-12-31
cca0c4ce-48d2-417f-9834-14a5c55ad1dd,a5a92b7e-63ec-4bff-979b-246779c2e034,b355e1c4-d914-48f1-89b9-ea6c5554ddf8,Starter,Churned,99.0,2022-08-28,2023-04-17,2022-08-28,2023-04-17
9881e535-353b-4cc1-b008-f1cd0e98c2db,fced3b88-0f1f-4db3-a1ce-15769f1a5d69,89b24ab9-242d-4912-9ecb-04dbc3963341,Enterprise,Active,2499.0,2022-09-17,,2022-09-17,2024-12-31
8ed31a55-0b21-45b5-b68e-9b2d6c78438d,d535548e-1851-47e8-a5e1-51fd0d85cac2,bf16ac86-1f74-4c16-9753-ce0f595f2600,Growth,Active,279.24,2022-11-03,,2022-11-03,2024-12-31
878a80f0-fb06-4944-a94b-5a9ab4fbc427,5b826ef3-2f24-407b-b95b-7386ee199a37,58c8fb57-4bff-422d-9b08-8e3f27d2d550,Business,Active,1199.0,2022-08-10,,2022-08-10,2024-12-31
a5f02ff2-4a5f-4e11-9203-04d205884f57,6a852ba8-216a-4bf7-a733-2d125d702718,bf16ac86-1f74-4c16-9753-ce0f595f2600,Growth,Active,292.85,2022-12-16,,2022-12-16,2024-12-31
5cff33a0-015d-4aec-a865-21a833f26ec1,37e9075a-c89b-4852-9bd1-76a0aecae1a2,9f3d57a1-d96e-4856-ae46-be466aa84503,Pro,Active,599.0,2022-02-15,,2022-02-15,2024-12-31
cc3ecaac-0c86-4be4-8d33-e77bbf06c851,438cebcf-5be8-44d8-8a19-62259e8f1ebb,9f3d57a1-d96e-4856-ae46-be466aa84503,Pro,Active,599.0,2022-09-05,,2022-09-05,2024-12-31
5699cde5-aa2b-4233-93d4-059488a88e73,83c00cd8-090a-42d2-b13d-b46e21544576,89b24ab9-242d-4912-9ecb-04dbc3963341,Enterprise,Active,1879.34,2022-08-02,,2022-08-02,2024-12-31
c968629c-d921-46c4-936b-8851ff67ffb8,b1893e16-aaa6-49fe-872d-5609e5df02fe,9f3d57a1-d96e-4856-ae46-be466aa84503,Pro,Active,599.0,2022-05-20,,2022-05-20,2024-12-31
1d0e9ed6-15fc-4aef-a2ac-6129f2c89789,e9e57914-afd0-4518-ae36-4e8385e8b77d,89b24ab9-242d-4912-9ecb-04dbc3963341,Enterprise,Active,1886.28,2022-06-17,,2022-06-17,2024-12-31
362bfba5-855d-49a5-aab0-a704cdd0a21f,0b14b970-d84d-4673-8827-8e5ff18050aa,9f3d57a1-d96e-4856-ae46-be466aa84503,Pro,Active,599.0,2022-05-28,,2022-05-28,2024-12-31
68fba746-a5b2-4d1a-822e-e1fbea8fb510,00339714-8244-4509-8ce7-94bb8f6c26cf,b355e1c4-d914-48f1-89b9-ea6c5554ddf8,Starter,Active,96.67,2022-03-01,,2022-03-01,2024-12-31
ca5db424-7553-4ddf-85ea-fb3e883ef489,7fd1197b-fd48-400a-a376-31e4407de78e,9f3d57a1-d96e-4856-ae46-be466aa84503,Pro,Active,599.0,2022-03-03,,2022-03-03,2024-12-31
7b4c5ab3-5cd7-4302-b7c8-836db1013866,134a7e90-fef9-4e81-83ce-23c818ee4c08,58c8fb57-4bff-422d-9b08-8e3f27d2d550,Business,Active,1146.82,2022-12-12,,2022-12-12,2024-12-31
cd5ab88a-9242-4273-a5e0-b281e3f247ad,2e7c353b-d815-4973-b2e3-8a0222b47a74,58c8fb57-4bff-422d-9b08-8e3f27d2d550,Business,Churned,1199.0,2023-01-04,2024-05-01,2023-01-04,2024-05-01
c54b35a8-6f8f-4ebb-8a00-2a11332eb415,e7531d3b-00c9-46fa-a494-2927958c9fb7,9f3d57a1-d96e-4856-ae46-be466aa84503,Pro,Active,463.63,2022-04-08,,2022-04-08,2024-12-31
e1a6f805-17c1-4b49-9c8f-d98223e8c8a3,d11aa20c-997a-47cc-8a81-680b988d9a7c,bf16ac86-1f74-4c16-9753-ce0f595f2600,Growth,Active,263.08,2022-10-09,,2022-10-09,2024-12-31
98d8929e-e046-487f-8232-d763bd65d9d2,6f167e21-d505-426d-a8eb-12f257230660,bf16ac86-1f74-4c16-9753-ce0f595f2600,Growth,Active,236.75,2022-04-04,,2022-04-04,2024-12-31
cbad56ee-861c-41ca-9d88-8e18c2bc8e38,77bf3085-2f69-4e48-949c-19433c58effd,bf16ac86-1f74-4c16-9753-ce0f595f2600,Growth,Churned,299.0,2022-03-13,2024-09-13,2022-03-13,2024-09-13
fe85a34b-b6a3-4173-aff7-ae885bc64bc2,b3df0bc9-8e51-46b9-bd1d-00a95ba06959,58c8fb57-4bff-422d-9b08-8e3f27d2d550,Business,Active,1095.87,2022-03-23,,2022-03-23,2024-12-31
dcf4a219-e5b4-478b-9224-76c99026e61e,a60fd51b-a46f-4c17-a12a-b8d317a5246a,58c8fb57-4bff-422d-9b08-8e3f27d2d550,Business,Active,1124.27,2023-12-23,,2023-12-23,2024-12-31
d3b37e7f-1abb-41e9-b20b-fb756701e847,bca5e13c-34df-4bdb-bfc7-dafbcd015967,89b24ab9-242d-4912-9ecb-04dbc3963341,Enterprise,Active,1941.7,2023-04-19,,2023-04-19,2024-12-31
d3ef06b4-3e70-4081-a0c5-a720dff21f9c,77d7e921-3bd8-475a-9b01-54d3c7a95fe8,bf16ac86-1f74-4c16-9753-ce0f595f2600,Growth,Active,250.05,2023-05-21,,2023-05-21,2024-12-31
8b0b96f0-4703-4894-85bc-4dbe76c192ec,1c09df06-ea5f-4c1c-93c3-1b3094f8ea96,bf16ac86-1f74-4c16-9753-ce0f595f2600,Growth,Active,299.0,2023-08-06,,2023-08-06,2024-12-31
242a6ae6-8e10-4282-955e-c9882709c1f8,a9a2b440-0940-4c91-b6a2-9aad99d80a23,58c8fb57-4bff-422d-9b08-8e3f27d2d550,Business,Active,912.46,2023-09-07,,2023-09-07,2024-12-31
5a4ab9d2-3da7-4a5b-8e59-29384388f8b9,0222239a-8c2b-45cf-a066-deceef089f42,b355e1c4-d914-48f1-89b9-ea6c5554ddf8,Starter,Active,99.0,2023-09-26,,2023-09-26,2024-12-31
4db7ad7a-35c3-427d-8384-889c569dedf9,8015932e-e640-4d8d-91c9-bda59ce5d176,9f3d57a1-d96e-4856-ae46-be466aa84503,Pro,Active,599.0,2023-07-03,,2023-07-03,2024-12-31
32071f6c-42ac-427b-9db4-749318c8c690,f59c6e80-1436-48a3-b8ae-3f0b85be7fa8,b355e1c4-d914-48f1-89b9-ea6c5554ddf8,Starter,Active,99.0,2023-03-23,,2023-03-23,2024-12-31
151cb5f2-9832-4542-a142-39df032c907a,55f868af-fd02-4e46-a215-2fa62d6c61a6,89b24ab9-242d-4912-9ecb-04dbc3963341,Enterprise,Active,2499.0,2023-04-25,,2023-04-25,2024-12-31
ee938043-822f-4540-85f0-b9c02c55b16c,44b1890e-e69a-4be9-aa4a-cb75e9083300,b355e1c4-d914-48f1-89b9-ea6c5554ddf8,Starter,Active,99.0,2023-06-06,,2023-06-06,2024-12-31
8fd61f5c-b7da-49d0-91f8-d667f94f715c,8237a4ed-1ad5-433e-8387-7449057354c6,b355e1c4-d914-48f1-89b9-ea6c5554ddf8,Starter,Active,96.57,2023-04-06,,2023-04-06,2024-12-31
764c3ec2-bdbe-49d1-83dc-20c874ee7888,cc0d0788-f781-4b37-a633-7a7130d295d0,b355e1c4-d914-48f1-89b9-ea6c5554ddf8,Starter,Active,99.0,2023-11-23,,2023-11-23,2024-12-31
3c8ec5f6-e076-4a6f-9697-8d082bcf2965,4659fe12-99e7-4bd1-a75c-4964a885aac9,89b24ab9-242d-4912-9ecb-04dbc3963341,Enterprise,Active,2499.0,2023-08-09,,2023-08-09,2024-12-31
b39c851f-f565-4a8b-90ab-5d476e62af3c,0781a4a7-a15a-4c0c-b360-977c9a9bbc8f,9f3d57a1-d96e-4856-ae46-be466aa84503,Pro,Active,599.0,2023-04-15,,2023-04-15,2024-12-31
ce605f2c-c588-43d9-a5d7-c9bc30b46532,f1f7ad45-a782-4824-823d-905f45badc70,58c8fb57-4bff-422d-9b08-8e3f27d2d550,Business,Active,997.44,2023-08-20,,2023-08-20,2024-12-31
901bf6c5-2d52-42c0-8d07-ab97518f0579,1debf8bb-926d-4111-be50-a2bdb35a6ec0,9f3d57a1-d96e-4856-ae46-be466aa84503,Pro,Active,573.78,2023-09-19,,2023-09-19,2024-12-31
15d7ad1c-52ed-4246-a7c0-f79354bd1964,3fccb41d-1f96-46b6-bb7c-434e7c0ace52,b355e1c4-d914-48f1-89b9-ea6c5554ddf8,Starter,Active,92.12,2023-10-08,,2023-10-08,2024-12-31
90925d65-f205-4c13-af24-3c9a9bcb9e31,ea2bae58-4407-4f06-ac2d-a919ddc4e71c,89b24ab9-242d-4912-9ecb-04dbc3963341,Enterprise,Active,2433.92,2023-04-26,,2023-04-26,2024-12-31
611837c4-09ea-4b6b-b08b-aefe75804a54,28f7e6ff-61aa-4ee2-971a-c96205275fb9,bf16ac86-1f74-4c16-9753-ce0f595f2600,Growth,Churned,299.0,2023-10-20,2024-06-15,2023-10-20,2024-06-15
8056e34f-4fdb-466f-a3a6-c9374bc556d9,e3ead142-5d0c-4e06-a99b-100ca3f2843b,89b24ab9-242d-4912-9ecb-04dbc3963341,Enterprise,Churned,2492.18,2023-08-12,2024-07-25,2023-08-12,2024-07-25
a45ccac7-9953-4d74-83b3-510c3bedde5d,43738c7b-57d7-4771-a310-40e40d09fc6b,b355e1c4-d914-48f1-89b9-ea6c5554ddf8,Starter,Active,90.57,2023-11-26,,2023-11-26,2024-12-31
2cb66bcd-2b5f-4197-bb74-3a6764db3266,d039ba6d-fa13-4d5e-ae05-c24e7e74ca11,89b24ab9-242d-4912-9ecb-04dbc3963341,Enterprise,Active,2499.0,2023-06-29,,2023-06-29,2024-12-31
4b49be91-9ce7-4264-87d7-dd619a21b0af,5e1cf25b-54a7-4b1c-bca0-a40b578de6ce,9f3d57a1-d96e-4856-ae46-be466aa84503,Pro,Active,598.15,2023-03-23,,2023-03-23,2024-12-31
47edec5e-174c-449d-8d33-df7f4c412e90,aebb73c6-ca9d-427a-b682-8659b1183eee,89b24ab9-242d-4912-9ecb-04dbc3963341,Enterprise,Active,2499.0,2023-05-28,,2023-05-28,2024-12-31
da8c3cff-bbb4-4206-9b1f-7eae06823989,fafc7084-a99b-4937-8046-e6ba4fa9568e,9f3d57a1-d96e-4856-ae46-be466aa84503,Pro,Active,550.61,2023-05-12,,2023-05-12,2024-12-31
b6702a5d-553d-45cb-a885-aadf33d1beb9,e9fa317c-5260-4365-a33a-2f2516470095,bf16ac86-1f74-4c16-9753-ce0f595f2600,Growth,Churned,299.0,2023-08-28,2024-08-22,2023-08-28,2024-08-22
a8c39683-5aaf-4684-ac67-02264b50309d,20ded301-cc94-4621-ac12-0deedd6dc0ff,b355e1c4-d914-48f1-89b9-ea6c5554ddf8,Starter,Active,99.0,2023-12-21,,2023-12-21,2024-12-31
bba0144a-c462-48f7-8a73-b7d281eaddfb,3edec2d1-9e06-4b8f-91ab-ebf87f738c9c,bf16ac86-1f74-4c16-9753-ce0f595f2600,Growth,Active,299.0,2023-10-19,,2023-10-19,2024-12-31
04749161-963b-4e5b-925f-ceaf02d59500,70528b29-cfc8-40be-a496-ac30a0839fd5,bf16ac86-1f74-4c16-9753-ce0f595f2600,Growth,Active,299.0,2023-06-26,,2023-06-26,2024-12-31
6d191d9a-c4ee-466f-a7a7-94fde9915064,438c2102-6f66-40f6-83da-a0a1efc7f0d4,58c8fb57-4bff-422d-9b08-8e3f27d2d550,Business,Active,1199.0,2023-07-13,,2023-07-13,2024-12-31
dfa21c16-b068-4967-be51-ec0d6c5456f1,653f64d0-2f14-41a4-a6bd-53fd074b674c,58c8fb57-4bff-422d-9b08-8e3f27d2d550,Business,Churned,1199.0,2023-05-10,2024-07-26,2023-05-10,2024-07-26
b2a26236-008f-4a4d-a98e-9108b150be62,de60d8fc-177d-471b-9c18-2fd42a4b7ae1,b355e1c4-d914-48f1-89b9-ea6c5554ddf8,Starter,Churned,92.64,2023-09-09,2024-08-01,2023-09-09,2024-08-01
08cba4eb-1574-4a00-9643-8e6a8a876cc6,a8194b8c-0110-456f-aa16-51f8c526113c,58c8fb57-4bff-422d-9b08-8e3f27d2d550,Business,Active,1199.0,2023-02-05,,2023-02-05,2024-12-31
5aba2bd7-d9e3-418b-9019-4b6bc4d22532,3273f88e-6848-4db0-bd2f-40d0a4920545,89b24ab9-242d-4912-9ecb-04dbc3963341,Enterprise,Active,2499.0,2024-01-03,,2024-01-03,2024-12-31
0ba9030d-0557-44a3-b2f6-ca68cfa8affa,c3e4abd3-5c86-40ab-a49f-6180eb11a710,58c8fb57-4bff-422d-9b08-8e3f27d2d550,Business,Active,1199.0,2023-08-10,,2023-08-10,2024-12-31
2168bcd2-cbc2-4d70-9f39-b4fdc9b794a7,e4d13db2-6bb4-4f08-b069-d78ed01b0dac,89b24ab9-242d-4912-9ecb-04dbc3963341,Enterprise,Active,2281.52,2023-02-11,,2023-02-11,2024-12-31
6af9560b-860e-4f4a-a093-95f9742efb37,96c7c070-da59-4a52-bb6d-f0cee341d19e,58c8fb57-4bff-422d-9b08-8e3f27d2d550,Business,Active,1153.2,2023-11-10,,2023-11-10,2024-12-31
52ef34e1-c06a-4f5c-9a53-0835e991a9d3,923c8742-e4fd-4fa1-92a3-8bbe0edc53f5,b355e1c4-d914-48f1-89b9-ea6c5554ddf8,Starter,Active,99.0,2023-02-04,,2023-02-04,2024-12-31
3bb22d48-1a04-44f2-a1cf-3377682e06cc,f23c1c96-bebc-4bbd-9e3f-f9fbf2b1574a,9f3d57a1-d96e-4856-ae46-be466aa84503,Pro,Active,541.72,2023-06-07,,2023-06-07,2024-12-31
9c813141-6914-4442-a61f-34a9a7939b6b,874b4b12-ad22-457f-a862-6761ae0ab551,9f3d57a1-d96e-4856-ae46-be466aa84503,Pro,Active,599.0,2023-09-20,,2023-09-20,2024-12-31
9da27423-3d4c-4d2c-b13d-607cb42fc87a,375a0300-1d49-486a-9c50-65661d1c44b7,b355e1c4-d914-48f1-89b9-ea6c5554ddf8,Starter,Active,85.31,2023-09-24,,2023-09-24,2024-12-31
f48d309a-4901-4d3d-aa2c-c70c356bfc2a,d9385583-b301-4dee-87b3-bb444bd5c298,bf16ac86-1f74-4c16-9753-ce0f595f2600,Growth,Active,236.17,2023-05-09,,2023-05-09,2024-12-31
6879a192-5e62-418d-ba6e-5e31824f7d9f,3124a3b1-0a30-4dc0-9837-2414ddee25bb,89b24ab9-242d-4912-9ecb-04dbc3963341,Enterprise,Active,2499.0,2024-01-01,,2024-01-01,2024-12-31
3ef4db54-2be3-4042-bf7f-6293444fc6d5,65a129fe-99e6-4d53-b7d0-63ac87609eb8,bf16ac86-1f74-4c16-9753-ce0f595f2600,Growth,Active,299.0,2023-02-06,,2023-02-06,2024-12-31
2bc78c38-dd24-4857-b28f-7b0d3fcd6b55,c7afba9d-d117-41d0-b38b-d939bd15653d,b355e1c4-d914-48f1-89b9-ea6c5554ddf8,Starter,Churned,99.0,2023-07-29,2023-12-16,2023-07-29,2023-12-16
0b82db83-f990-4251-ba4c-2ec0593f9941,093dc0e8-5853-4a27-b805-5ec07fac2f4b,89b24ab9-242d-4912-9ecb-04dbc3963341,Enterprise,Active,2210.15,2023-11-20,,2023-11-20,2024-12-31
adbe891a-ae2e-4447-b05e-8f296faa8d1c,8a322c64-6e62-47fb-bdc6-d99e9e3dd256,9f3d57a1-d96e-4856-ae46-be466aa84503,Pro,Churned,516.47,2023-02-03,2023-08-06,2023-02-03,2023-08-06
b79b6750-623c-470c-a257-4e2a5c743736,e8ba0a05-37ae-4855-9c2c-f7a31c3be305,b355e1c4-d914-48f1-89b9-ea6c5554ddf8,Starter,Active,99.0,2023-11-03,,2023-11-03,2024-12-31
848c1563-e9ff-44d2-ae64-7abdf5d17992,a716a0c1-f498-4ed3-8689-df01b3512c62,bf16ac86-1f74-4c16-9753-ce0f595f2600,Growth,Active,299.0,2024-02-05,,2024-02-05,2024-12-31
1dc020ae-2411-45d7-bc66-7ed29ce62202,7be7f49d-9354-4938-83c2-26e20edfbe26,b355e1c4-d914-48f1-89b9-ea6c5554ddf8,Starter,Churned,87.82,2023-05-23,2024-07-22,2023-05-23,2024-07-22
073bf639-8838-4fe9-a6ae-1a61f091b460,ad025b94-f79c-4f7a-872d-688db0123aec,89b24ab9-242d-4912-9ecb-04dbc3963341,Enterprise,Active,2499.0,2023-12-22,,2023-12-22,2024-12-31
d39ded98-55c0-4d2e-ab15-3a06b1ba797f,cfdb13e2-1c6d-492b-94ae-379d517a1091,bf16ac86-1f74-4c16-9753-ce0f595f2600,Growth,Active,291.43,2023-07-19,,2023-07-19,2024-12-31
106237a6-7c09-41ac-b4ec-92f26d66a05f,93541d96-1404-4cb4-b044-82844df334f0,b355e1c4-d914-48f1-89b9-ea6c5554ddf8,Starter,Active,79.61,2024-01-09,,2024-01-09,2024-12-31
73043898-ffb6-4383-91be-5105bfaff26b,b0829808-0bbb-4dec-9ac0-2b01ddbd8a6c,9f3d57a1-d96e-4856-ae46-be466aa84503,Pro,Active,583.59,2023-05-18,,2023-05-18,2024-12-31
348bdd70-4f29-4684-a409-75f193b88a74,b68153e9-8379-465d-a0d9-d84f869eb350,b355e1c4-d914-48f1-89b9-ea6c5554ddf8,Starter,Active,83.42,2023-07-30,,2023-07-30,2024-12-31
80bad355-9a9d-47cc-be30-b81e3f63e5ab,acc783ed-7218-4999-8626-1adb44508e02,9f3d57a1-d96e-4856-ae46-be466aa84503,Pro,Churned,599.0,2023-06-17,2023-10-20,2023-06-17,2023-10-20
2878a908-7ce0-4125-a23f-8d5579918b51,2cfbaafe-4017-4e38-ae10-3d0f53a20686,58c8fb57-4bff-422d-9b08-8e3f27d2d550,Business,Active,1199.0,2023-09-20,,2023-09-20,2024-12-31
0c01486f-6667-485a-94b3-dbe62dc2d106,dd995379-8bcb-4d88-83b7-a24762f37bc4,bf16ac86-1f74-4c16-9753-ce0f595f2600,Growth,Churned,279.7,2023-04-11,2024-09-23,2023-04-11,2024-09-23
cbc8dfa3-3a4c-4115-b873-754052d1b157,995cda32-2774-4f33-8713-3682546a5ca4,bf16ac86-1f74-4c16-9753-ce0f595f2600,Growth,Active,280.64,2023-08-06,,2023-08-06,2024-12-31
cb262d72-856a-44de-a717-8cb79126bca8,b890d66d-09bd-4c1a-b389-5e22aede6c84,9f3d57a1-d96e-4856-ae46-be466aa84503,Pro,Churned,599.0,2023-09-11,2024-01-15,2023-09-11,2024-01-15
c27dd3b7-3036-4363-8610-f30e2a6ddc4d,86487563-a5bb-46af-a7eb-9c3c552201d4,89b24ab9-242d-4912-9ecb-04dbc3963341,Enterprise,Churned,2317.19,2023-03-24,2024-11-12,2023-03-24,2024-11-12
34d9b717-b52d-46d4-930b-369cc1f43158,11686b80-8487-4311-adc8-e74ce5cafcc4,bf16ac86-1f74-4c16-9753-ce0f595f2600,Growth,Active,279.48,2023-07-27,,2023-07-27,2024-12-31
34e0129f-6ba5-474c-9684-a1216e0fdd6c,a9f4503c-d6b5-4864-b4bd-77604793a7f4,58c8fb57-4bff-422d-9b08-8e3f27d2d550,Business,Active,1167.05,2023-04-02,,2023-04-02,2024-12-31
f96c732c-3f03-4705-a607-bd7c4ea81087,e9a6d0d4-5719-4d60-9d22-d5d9fefee08f,58c8fb57-4bff-422d-9b08-8e3f27d2d550,Business,Churned,1199.0,2023-11-22,2024-10-28,2023-11-22,2024-10-28
2e24ef7f-be76-46d4-9107-f2a9f4132972,9cb10315-fd00-472e-82f1-7783087a812f,58c8fb57-4bff-422d-9b08-8e3f27d2d550,Business,Active,1000.68,2023-02-12,,2023-02-12,2024-12-31
1895d0a3-c1c4-4a7b-b0fa-5e28e795d0e4,f577b1e3-40ab-4269-ae58-3e06775043c1,b355e1c4-d914-48f1-89b9-ea6c5554ddf8,Starter,Active,83.39,2023-03-25,,2023-03-25,2024-12-31
a7b8da74-4e73-4780-bfda-fa1b342f3bc6,0a0aabc7-81d2-4e28-9a41-400d66e58b6d,58c8fb57-4bff-422d-9b08-8e3f27d2d550,Business,Active,1184.47,2023-10-18,,2023-10-18,2024-12-31
21975da7-cf08-406c-9e0d-12f70b6b37f5,a1555b1b-63a5-4193-a633-e9bafd5a57a0,9f3d57a1-d96e-4856-ae46-be466aa84503,Pro,Active,579.03,2023-08-11,,2023-08-11,2024-12-31
9bba768e-7d61-47d3-af69-2a2f04701a8a,47ab0c34-9669-4866-beda-6575b26e7700,b355e1c4-d914-48f1-89b9-ea6c5554ddf8,Starter,Active,99.0,2023-04-29,,2023-04-29,2024-12-31
9af745a4-5bb6-4dc0-bca9-50bbec486503,a80a92c7-9883-4370-8d2b-9eed70de6675,9f3d57a1-d96e-4856-ae46-be466aa84503,Pro,Active,599.0,2023-07-19,,2023-07-19,2024-12-31
bbe6fea1-7517-4a77-925f-c546f24fcd6e,9106aad6-b404-4990-943f-95467feb2b26,9f3d57a1-d96e-4856-ae46-be466aa84503,Pro,Churned,599.0,2023-04-04,2023-08-12,2023-04-04,2023-08-12
eab9b1da-5c65-41a5-a5b4-55aa8d122b8e,394ffba0-06a7-4462-8732-3a5f4ff298eb,58c8fb57-4bff-422d-9b08-8e3f27d2d550,Business,Active,1119.78,2023-11-22,,2023-11-22,2024-12-31
7812a2ea-d386-4b38-b602-3fc4ddc0a808,b2149b71-1661-47eb-abe8-2ec93f3d503e,b355e1c4-d914-48f1-89b9-ea6c5554ddf8,Starter,Active,99.0,2023-11-29,,2023-11-29,2024-12-31
45dbe72d-5541-479c-888b-6fc71b348029,f43e0177-4d83-4e06-a3fc-ccb901de0c32,58c8fb57-4bff-422d-9b08-8e3f27d2d550,Business,Active,1199.0,2023-08-09,,2023-08-09,2024-12-31
5612eb85-0aa9-401e-b858-1bae590f019f,5b0f973c-868a-499b-9a04-d9b4dc07d439,58c8fb57-4bff-422d-9b08-8e3f27d2d550,Business,Churned,1199.0,2023-03-08,2023-12-20,2023-03-08,2023-12-20
1d459cf3-9abf-403f-9316-d22ffb2e3911,78d8ab7f-bcef-4e86-9feb-a7ba99fd5413,b355e1c4-d914-48f1-89b9-ea6c5554ddf8,Starter,Active,99.0,2023-04-17,,2023-04-17,2024-12-31
efb3c318-9b47-4c7c-aedc-bfb16cb1365e,42c46072-cd3b-4d38-bf54-00747b684b87,58c8fb57-4bff-422d-9b08-8e3f27d2d550,Business,Active,1199.0,2023-10-26,,2023-10-26,2024-12-31
34ea847f-0d90-4f37-9a55-fb223395c6eb,9e3aba31-3404-4a7c-95d0-bb33ce0b7a7c,9f3d57a1-d96e-4856-ae46-be466aa84503,Pro,Active,599.0,2023-05-04,,2023-05-04,2024-12-31
5db827dc-32d2-45fa-8c60-457f185e63c9,c5ca0249-3d3c-4198-9e87-38cc3b131ff0,58c8fb57-4bff-422d-9b08-8e3f27d2d550,Business,Churned,1199.0,2023-12-12,2024-04-08,2023-12-12,2024-04-08
7e9861c6-67ec-4ef4-96bb-8040e7f233ea,c7f51a3b-01ac-434e-9d40-d8257ab2cf46,9f3d57a1-d96e-4856-ae46-be466aa84503,Pro,Active,599.0,2023-09-05,,2023-09-05,2024-12-31
da8876b0-cee1-4099-9600-f529305f1106,77136a03-3146-47f4-ba62-b209a291bf4d,bf16ac86-1f74-4c16-9753-ce0f595f2600,Growth,Active,274.87,2024-01-04,,2024-01-04,2024-12-31
1e2bedda-5bc5-4a77-83e3-a294e025ac16,99b71357-712b-4894-bfec-392e87de64be,89b24ab9-242d-4912-9ecb-04dbc3963341,Enterprise,Active,2499.0,2023-06-28,,2023-06-28,2024-12-31
f82adb91-0409-49eb-a7c8-951d4e96c7bc,1b064acd-ab22-464c-9bbd-819ca025d3e8,bf16ac86-1f74-4c16-9753-ce0f595f2600,Growth,Churned,299.0,2023-04-28,2023-12-18,2023-04-28,2023-12-18
8130c824-87f7-418b-ab40-fcc01a6d840b,1c915076-9ac0-445d-89d8-6bd08a779f46,58c8fb57-4bff-422d-9b08-8e3f27d2d550,Business,Churned,1199.0,2023-04-11,2023-08-25,2023-04-11,2023-08-25
4081a912-f51b-49e7-82bb-34512ff192f7,b4e01ee1-fc39-43e9-9584-23ae6f350bd3,bf16ac86-1f74-4c16-9753-ce0f595f2600,Growth,Active,299.0,2023-09-26,,2023-09-26,2024-12-31
c7b89df1-b81b-4cab-8d82-64056a2b9912,9281487f-366a-4104-8601-5d149e3a80bd,b355e1c4-d914-48f1-89b9-ea6c5554ddf8,Starter,Active,97.29,2023-05-08,,2023-05-08,2024-12-31
f7fb1cd4-d947-4da1-a067-245b9ea42308,fec6ac26-8a1c-4839-9a14-4bf0a9ab7821,b355e1c4-d914-48f1-89b9-ea6c5554ddf8,Starter,Active,82.33,2023-12-04,,2023-12-04,2024-12-31
292ef2ed-039c-4652-8e0d-95e6fdb77e6a,4d5d8be1-772b-491c-9ac7-0a8a475e01f8,b355e1c4-d914-48f1-89b9-ea6c5554ddf8,Starter,Churned,99.0,2023-10-29,2024-11-26,2023-10-29,2024-11-26
f3f387e1-6f75-43bc-bd61-19d207eaab20,b62cddac-b2b3-40cc-8176-b2cb9a38150c,89b24ab9-242d-4912-9ecb-04dbc3963341,Enterprise,Churned,2499.0,2023-12-08,2024-06-18,2023-12-08,2024-06-18
a7fb1dff-f370-48e1-ac4b-a3a25ac14a2e,7b2e79af-6485-40d7-bbf0-6e53dc1ad794,58c8fb57-4bff-422d-9b08-8e3f27d2d550,Business,Active,1199.0,2023-12-02,,2023-12-02,2024-12-31
5b410834-16de-4f2d-bcdc-2d0784e4ab69,89c2ab81-fa59-4f7b-9b97-f92219cff08b,58c8fb57-4bff-422d-9b08-8e3f27d2d550,Business,Churned,1199.0,2023-08-23,2024-11-05,2023-08-23,2024-11-05
31f4486a-e53d-4a1b-b124-960f0ab4d63f,02b2d64e-f2d6-4393-a84b-31487c51dc70,89b24ab9-242d-4912-9ecb-04dbc3963341,Enterprise,Active,2362.58,2023-11-01,,2023-11-01,2024-12-31
790f19fc-dd06-4ad0-9047-b3d6d07471ca,b129da03-9144-48aa-8158-1b4582f8c37e,bf16ac86-1f74-4c16-9753-ce0f595f2600,Growth,Active,299.0,2023-03-13,,2023-03-13,2024-12-31
ac34078a-ebc5-40b4-ad57-d81c1bac03d9,3eee07e4-19ae-4ea1-a968-989466278813,9f3d57a1-d96e-4856-ae46-be466aa84503,Pro,Churned,599.0,2023-10-21,2024-03-31,2023-10-21,2024-03-31
153cd70a-8991-4ff3-acea-97e03693452a,4c8351a5-f418-494d-a6c2-6c283015c43a,58c8fb57-4bff-422d-9b08-8e3f27d2d550,Business,Active,1178.85,2023-11-01,,2023-11-01,2024-12-31
21bd007c-4e2f-412c-9c6a-3073f4d86ab2,f32f0aa8-000c-4202-9faf-50989bd4b784,58c8fb57-4bff-422d-9b08-8e3f27d2d550,Business,Churned,1169.79,2023-11-13,2024-04-02,2023-11-13,2024-04-02
65d27975-6bec-4d4f-ad27-df0f293d8137,5e4726a2-5e84-4c2a-ac60-4320b68db8ec,89b24ab9-242d-4912-9ecb-04dbc3963341,Enterprise,Churned,2108.11,2023-08-23,2024-07-27,2023-08-23,2024-07-27
2f06023b-b2cf-443b-adeb-daa500db7d2c,aa8403e0-a3a8-4912-8cb0-cc23dc9a1219,b355e1c4-d914-48f1-89b9-ea6c5554ddf8,Starter,Active,98.94,2023-04-06,,2023-04-06,2024-12-31
e52a93d8-5817-4934-bd8c-02f89c9e34dc,c71c44ec-b925-4a47-93f8-36a920578492,89b24ab9-242d-4912-9ecb-04dbc3963341,Enterprise,Active,2277.36,2024-01-22,,2024-01-22,2024-12-31
497a893d-e150-478e-992f-487d93000b29,db7fb87f-6e7d-4126-b143-f4373aa0891b,58c8fb57-4bff-422d-9b08-8e3f27d2d550,Business,Churned,1115.99,2024-01-08,2024-08-23,2024-01-08,2024-08-23
c4187c47-9355-4c80-b6cb-992e046e8aee,45e2f67f-844e-41fd-b4df-7884e8b2c3f1,89b24ab9-242d-4912-9ecb-04dbc3963341,Enterprise,Active,2386.44,2023-12-03,,2023-12-03,2024-12-31
f2fc034a-adba-43ff-9493-486f0c10bb2d,0fa550fc-d918-4e33-9194-0d09f80fe620,89b24ab9-242d-4912-9ecb-04dbc3963341,Enterprise,Churned,2326.15,2023-07-25,2024-07-04,2023-07-25,2024-07-04
f0695ac9-638c-4990-af4a-43f9af1e0113,2ce5c006-4b7e-4697-8c4d-66a58dbccf72,89b24ab9-242d-4912-9ecb-04dbc3963341,Enterprise,Active,2499.0,2023-07-28,,2023-07-28,2024-12-31
8e35fad7-e712-4659-91ed-abbfa7df605f,4bd57a55-a9a8-48db-8d2c-4c9af8ca6bf5,9f3d57a1-d96e-4856-ae46-be466aa84503,Pro,Active,599.0,2023-09-28,,2023-09-28,2024-12-31
0d74f8c1-d624-494b-9f94-9db05bdc88a1,f16feb30-3f33-4197-b75e-8efa3a953689,89b24ab9-242d-4912-9ecb-04dbc3963341,Enterprise,Active,2440.11,2023-08-15,,2023-08-15,2024-12-31
233d122b-4ae5-4802-b8ab-585dec2567b2,d43d3083-8d51-46a2-983b-442408733d8f,b355e1c4-d914-48f1-89b9-ea6c5554ddf8,Starter,Active,99.0,2023-08-18,,2023-08-18,2024-12-31
151d0df3-35de-4f1e-9b0c-a60a10ed60b4,465715cc-5767-491c-8510-02cdde3e6ff5,89b24ab9-242d-4912-9ecb-04dbc3963341,Enterprise,Churned,2499.0,2024-01-28,2024-11-10,2024-01-28,2024-11-10
d776ffad-80f1-430a-b49d-f9b0882426da,cf4cc176-f39e-4dc2-8867-9fe92c10e832,bf16ac86-1f74-4c16-9753-ce0f595f2600,Growth,Churned,299.0,2023-08-22,2024-01-16,2023-08-22,2024-01-16
cf0ee3e9-024f-4f73-8d9e-9e652d0a3bd8,0e0a6838-6839-40a9-b581-2c09fbe064b4,bf16ac86-1f74-4c16-9753-ce0f595f2600,Growth,Active,278.51,2023-04-11,,2023-04-11,2024-12-31
b9c9e2d9-edd3-4d4f-a078-aa1a608f662b,c854c4f1-d883-46df-9230-ebe14d721232,bf16ac86-1f74-4c16-9753-ce0f595f2600,Growth,Churned,278.96,2023-07-01,2024-04-02,2023-07-01,2024-04-02
4c35985f-ab19-4289-bb75-efc4b55ccbbd,2f6c9979-ed5e-49d1-9a9a-8fb3746887a1,9f3d57a1-d96e-4856-ae46-be466aa84503,Pro,Active,586.45,2023-03-29,,2023-03-29,2024-12-31
9b343683-b832-4c6d-a258-ca3158146d03,c2c8a7fa-0723-4b6a-95bc-5502eacb236f,58c8fb57-4bff-422d-9b08-8e3f27d2d550,Business,Churned,1199.0,2023-10-13,2024-02-06,2023-10-13,2024-02-06
245ab128-fc2d-460f-856d-d0036dd0b4df,eda66ffc-ac0f-49e6-b2fb-d178161eaf2e,89b24ab9-242d-4912-9ecb-04dbc3963341,Enterprise,Active,2455.05,2023-09-19,,2023-09-19,2024-12-31
fc000372-2c80-4f15-a741-2b6d9d819dd6,ebd9dc31-4b42-4b5d-8429-a6873b44f774,b355e1c4-d914-48f1-89b9-ea6c5554ddf8,Starter,Active,98.3,2023-12-08,,2023-12-08,2024-12-31
2b7109cd-8200-4270-b799-4ba4338bad77,8913e2f1-c59a-43ab-9ec2-8aa041e9c56b,89b24ab9-242d-4912-9ecb-04dbc3963341,Enterprise,Churned,2031.78,2023-08-02,2024-10-11,2023-08-02,2024-10-11
95f69cea-8de2-44d2-8594-b4b61daca46e,cf49c63a-ac6d-42bb-8138-63a768da9db0,9f3d57a1-d96e-4856-ae46-be466aa84503,Pro,Active,585.22,2023-07-30,,2023-07-30,2024-12-31
d8e208f9-af79-4bbe-8b32-6a5913b3cc1e,addffdce-208d-4f2a-ac20-0c5ebaf48d00,b355e1c4-d914-48f1-89b9-ea6c5554ddf8,Starter,Active,99.0,2023-02-27,,2023-02-27,2024-12-31
7c9244cf-d5ab-45df-85e0-c7ba8b96377f,baa9947e-d336-42cf-b0b9-23c7d62472de,bf16ac86-1f74-4c16-9753-ce0f595f2600,Growth,Active,299.0,2023-07-02,,2023-07-02,2024-12-31
afa904ad-e464-4a68-a2cf-1820d5101342,3a938ff2-c7ed-4b03-b0b8-52118d851ce4,b355e1c4-d914-48f1-89b9-ea6c5554ddf8,Starter,Active,99.0,2023-07-08,,2023-07-08,2024-12-31
b9869960-6c5a-4599-891d-4eb0f4ca98ea,9dc43783-7007-4abb-bc49-3a2f638c2f59,b355e1c4-d914-48f1-89b9-ea6c5554ddf8,Starter,Churned,90.18,2023-10-01,2024-11-06,2023-10-01,2024-11-06
d920cd8d-bff1-4ac4-a29e-92da0333c700,ce89a7f6-0d67-48a3-b88c-25dd1384d4a4,58c8fb57-4bff-422d-9b08-8e3f27d2d550,Business,Churned,1177.65,2023-07-14,2024-10-14,2023-07-14,2024-10-14
222c6cce-da57-4432-8156-f45bbf4d86b3,b11b7375-ce54-46b5-83f2-eff1995b6baa,bf16ac86-1f74-4c16-9753-ce0f595f2600,Growth,Churned,240.75,2023-02-15,2023-09-23,2023-02-15,2023-09-23
bdcd5664-02c9-46d6-9daa-ccc5135fd28f,d8d70f62-0b3d-491c-8d9c-c84ef0f60128,b355e1c4-d914-48f1-89b9-ea6c5554ddf8,Starter,Active,92.15,2023-01-05,,2023-01-05,2024-12-31
53185add-4760-4ee5-8585-bd7147d6a225,55ef1f69-a6ff-42f1-967b-6fe8dad45e45,b355e1c4-d914-48f1-89b9-ea6c5554ddf8,Starter,Active,99.0,2023-11-09,,2023-11-09,2024-12-31
f45fd868-02a2-44ac-92c8-4543d07ac97c,9222d045-612a-492d-bc73-def65957c3e3,bf16ac86-1f74-4c16-9753-ce0f595f2600,Growth,Churned,299.0,2023-07-31,2024-03-28,2023-07-31,2024-03-28
9467b439-6f97-410f-865e-1b855d611873,104838d7-fb98-4a3a-a1e1-27b41d131f3f,89b24ab9-242d-4912-9ecb-04dbc3963341,Enterprise,Active,2459.82,2023-07-04,,2023-07-04,2024-12-31
30ac7315-e665-42b0-887a-c41b3c33e75a,cd40f042-a58c-4191-a46d-0714bcd667b7,bf16ac86-1f74-4c16-9753-ce0f595f2600,Growth,Active,299.0,2023-06-10,,2023-06-10,2024-12-31
5e3daf85-38ff-46ce-8ffd-4e3a092d06bf,2af92574-d334-4beb-9374-348e37c7a484,bf16ac86-1f74-4c16-9753-ce0f595f2600,Growth,Active,296.41,2023-04-21,,2023-04-21,2024-12-31
f7238c69-f53d-4967-a6da-a9d4297fe4ce,ae2cc7d4-5813-4e02-8970-82e471e78dde,bf16ac86-1f74-4c16-9753-ce0f595f2600,Growth,Active,281.31,2024-01-01,,2024-01-01,2024-12-31
f3d9f52f-ddb4-4f54-9492-91b159a20ab0,5d9fa770-db89-41f1-baeb-bc1fc2376b95,58c8fb57-4bff-422d-9b08-8e3f27d2d550,Business,Active,1110.73,2024-01-15,,2024-01-15,2024-12-31
2882ccc0-3b45-420a-9d1f-b4c2c0ff1646,d0128bcd-dbbf-4ede-ae41-1c31bb238efc,58c8fb57-4bff-422d-9b08-8e3f27d2d550,Business,Active,1129.52,2023-12-01,,2023-12-01,2024-12-31
fc453c91-9f1a-4721-aea5-74f3556ef90d,a72d81d2-5215-4884-91e0-bde77f0698ca,89b24ab9-242d-4912-9ecb-04dbc3963341,Enterprise,Active,2274.53,2023-06-09,,2023-06-09,2024-12-31
fd76e9c6-18c4-4937-93cc-affb085a2556,536cb324-3ea8-4fc6-a13c-d3b7376ec7ca,b355e1c4-d914-48f1-89b9-ea6c5554ddf8,Starter,Churned,89.19,2023-04-12,2024-08-17,2023-04-12,2024-08-17
fab6c7ad-4c0e-4ca0-808b-137509484d64,61c05108-c6f3-4a4f-9090-8e546d88ec59,58c8fb57-4bff-422d-9b08-8e3f27d2d550,Business,Active,1199.0,2023-10-03,,2023-10-03,2024-12-31
1685bdb2-1eef-4d9c-9110-9ad69e2dda4d,609b8cd5-eb80-4785-b749-74a93df3f967,58c8fb57-4bff-422d-9b08-8e3f27d2d550,Business,Active,1139.62,2023-04-26,,2023-04-26,2024-12-31
717f3519-fd52-4f72-848e-be6c8c507281,883fd85b-5bd0-486e-b798-8afe658a1160,b355e1c4-d914-48f1-89b9-ea6c5554ddf8,Starter,Active,78.81,2023-04-26,,2023-04-26,2024-12-31
f1ba68c9-4b7d-47f6-9ceb-93945932d534,1aceaf86-4cc7-4116-91b0-8436f7db0901,bf16ac86-1f74-4c16-9753-ce0f595f2600,Growth,Active,288.28,2023-03-19,,2023-03-19,2024-12-31
3236c687-0dfa-4fec-bcf5-0c46e011d5e1,6cc8123e-5aa3-4879-b648-7821da7a7146,b355e1c4-d914-48f1-89b9-ea6c5554ddf8,Starter,Active,98.84,2023-12-07,,2023-12-07,2024-12-31
4e7d73c8-21da-4ce8-8d33-ac7d53d12bf0,d9daa9e4-2971-43f8-b764-0ffe22d22640,58c8fb57-4bff-422d-9b08-8e3f27d2d550,Business,Active,1199.0,2023-04-09,,2023-04-09,2024-12-31
75e846f2-2683-4f41-9f04-87fad1418997,d73397c4-3fb7-40c7-b7ca-24c36a432e23,b355e1c4-d914-48f1-89b9-ea6c5554ddf8,Starter,Active,99.0,2023-04-28,,2023-04-28,2024-12-31
50c16835-02b2-4a2a-9d61-a83054c4e2c8,fdd66f54-e7b5-41ec-9a41-1bc63cf6364b,bf16ac86-1f74-4c16-9753-ce0f595f2600,Growth,Churned,229.89,2023-10-08,2024-07-13,2023-10-08,2024-07-13
bf556e75-0ab4-4758-9d5a-e01307af710d,349bfe0c-60e7-4394-b45a-70f629ae4595,58c8fb57-4bff-422d-9b08-8e3f27d2d550,Business,Active,1199.0,2023-06-22,,2023-06-22,2024-12-31
1d8215f3-108a-452f-be2d-b0e2e0e4dec0,c03b8916-ea01-4598-a24e-9819fc40d79c,b355e1c4-d914-48f1-89b9-ea6c5554ddf8,Starter,Active,95.19,2023-11-30,,2023-11-30,2024-12-31
6d9a7803-52bd-4825-afdf-e29f25347d5c,b7e4ac63-9178-413b-a38f-c988938fbbc0,b355e1c4-d914-48f1-89b9-ea6c5554ddf8,Starter,Active,99.0,2023-07-21,,2023-07-21,2024-12-31
d4e237ec-f16a-4c61-b085-5dcc79aa0990,6565590a-cfdb-4a71-9747-33b96155cde1,9f3d57a1-d96e-4856-ae46-be466aa84503,Pro,Active,557.19,2023-06-01,,2023-06-01,2024-12-31
3eea15b0-8667-4ff4-ba14-5570e7a02aeb,244a8a4c-8729-43d9-8f3f-e2d4f311d853,bf16ac86-1f74-4c16-9753-ce0f595f2600,Growth,Active,275.45,2023-11-04,,2023-11-04,2024-12-31
f8a945e3-18a7-47e2-a2c5-cfc5fabd1e71,16a97008-35e5-42fa-a265-e11e51729c2c,9f3d57a1-d96e-4856-ae46-be466aa84503,Pro,Active,599.0,2023-02-19,,2023-02-19,2024-12-31
6034f1e1-0448-4525-a505-d3796510df13,6de489a1-c789-443f-907f-484626dc0328,9f3d57a1-d96e-4856-ae46-be466aa84503,Pro,Churned,599.0,2023-06-18,2024-03-21,2023-06-18,2024-03-21
bc1b59fd-3557-4c04-ba9b-429a9b25828a,3affda91-0b63-4121-b90c-b18c2abf2d72,58c8fb57-4bff-422d-9b08-8e3f27d2d550,Business,Active,1124.77,2023-11-20,,2023-11-20,2024-12-31
b119799f-b336-40e0-a628-1de9d1818c99,948d8366-5a50-4c6f-a87a-9a259e3cc0d3,89b24ab9-242d-4912-9ecb-04dbc3963341,Enterprise,Active,2322.85,2023-05-05,,2023-05-05,2024-12-31
a98a07ab-53b2-4c83-a13e-c12f557c44f2,e222cf23-8c3a-444e-9af0-721358c9fceb,bf16ac86-1f74-4c16-9753-ce0f595f2600,Growth,Active,294.86,2023-03-28,,2023-03-28,2024-12-31
cb94d293-2ace-427a-aba1-9e071f270572,858762a6-8d1f-4697-be8f-dc85b592388c,b355e1c4-d914-48f1-89b9-ea6c5554ddf8,Starter,Active,92.57,2023-05-31,,2023-05-31,2024-12-31
8dab5863-06c9-4ca8-9bf0-3f6d75c011e0,c5ab5088-881c-46e0-b521-6e14c83da451,bf16ac86-1f74-4c16-9753-ce0f595f2600,Growth,Active,276.48,2024-01-12,,2024-01-12,2024-12-31
6dec3963-8320-4e55-bde4-3bc9e2318260,bd31d5f0-0224-4665-bdf7-5cda6695246a,9f3d57a1-d96e-4856-ae46-be466aa84503,Pro,Active,599.0,2023-02-02,,2023-02-02,2024-12-31
97383de8-7bb5-459d-adcb-0e2c4493a7d5,b2c8258b-31f4-4f17-911c-cef1c9313aa5,9f3d57a1-d96e-4856-ae46-be466aa84503,Pro,Active,534.21,2023-03-16,,2023-03-16,2024-12-31
f5bde2b1-2dbf-400e-b492-530fd52e0665,0fcecb41-4c83-4d77-b938-f39e7154e587,58c8fb57-4bff-422d-9b08-8e3f27d2d550,Business,Active,1199.0,2023-03-11,,2023-03-11,2024-12-31
9b981e47-a303-4e8a-95c4-7d3010a0ea00,2d38b35b-2f0b-42c9-8eb5-5c069e0ad092,b355e1c4-d914-48f1-89b9-ea6c5554ddf8,Starter,Active,94.35,2024-01-30,,2024-01-30,2024-12-31
0ac0e857-1881-4c0f-a789-f0241284d910,b2594050-2413-4117-bafa-dc2b96588621,89b24ab9-242d-4912-9ecb-04dbc3963341,Enterprise,Active,2499.0,2023-08-16,,2023-08-16,2024-12-31
4e18740c-1937-4853-b9ca-6e84c4d1c64e,bb49c0ed-ede1-4468-8033-921fb938213a,9f3d57a1-d96e-4856-ae46-be466aa84503,Pro,Active,599.0,2023-02-14,,2023-02-14,2024-12-31
01944792-2ad6-4654-9c9e-cff51049d696,9b274f15-a4e2-49bd-8fad-81872baa5c38,b355e1c4-d914-48f1-89b9-ea6c5554ddf8,Starter,Active,99.0,2023-03-13,,2023-03-13,2024-12-31
1a64f4fd-80fb-4b9e-8508-f8ace92e2f83,b1bb2151-e6ff-4406-8eac-f266006bbf41,58c8fb57-4bff-422d-9b08-8e3f27d2d550,Business,Churned,1199.0,2023-07-14,2024-01-11,2023-07-14,2024-01-11
0cb0efc8-cc88-4cc8-ae8e-2aa2e99519a7,4d57c9ac-b805-412c-8812-c95c5ec63c4e,9f3d57a1-d96e-4856-ae46-be466aa84503,Pro,Churned,599.0,2023-02-17,2024-02-24,2023-02-17,2024-02-24
dc9cb82b-5c8c-4711-99a4-21d903494ec4,b78122c1-0998-4395-b653-8dc30dfec2f1,b355e1c4-d914-48f1-89b9-ea6c5554ddf8,Starter,Churned,92.1,2023-09-03,2024-03-15,2023-09-03,2024-03-15
0ed3b362-6b4e-41f3-905e-b1c8a5952cbb,1ab0e9fd-0129-47de-9fd8-9c938988094d,89b24ab9-242d-4912-9ecb-04dbc3963341,Enterprise,Churned,2499.0,2023-10-25,2024-08-23,2023-10-25,2024-08-23
1a81132b-568e-4c0b-82da-ce8eab5b6056,968fcde1-171e-42d7-8bf9-c70f0fb20399,89b24ab9-242d-4912-9ecb-04dbc3963341,Enterprise,Active,2266.16,2023-05-09,,2023-05-09,2024-12-31
87b7139e-fc59-4df1-b6af-55d96a2b6faa,e03e8671-8a35-4320-a175-ed237c9c28a3,58c8fb57-4bff-422d-9b08-8e3f27d2d550,Business,Active,1110.55,2023-02-15,,2023-02-15,2024-12-31
b1d2408d-17e0-4f4b-8698-88e3234491dd,82a3f72d-f82d-4623-8ab0-4308eaaf443a,b355e1c4-d914-48f1-89b9-ea6c5554ddf8,Starter,Active,98.78,2023-08-17,,2023-08-17,2024-12-31
a803b0bb-17f6-4928-94c2-521d8da9aa67,0a549eed-be85-422b-a794-cc2efd7d8478,89b24ab9-242d-4912-9ecb-04dbc3963341,Enterprise,Active,2337.9,2023-08-25,,2023-08-25,2024-12-31
1c572eec-f476-406d-bce6-5978460f6722,4e2152fc-5491-47ff-b069-72089cd7a325,9f3d57a1-d96e-4856-ae46-be466aa84503,Pro,Active,599.0,2023-08-22,,2023-08-22,2024-12-31
318fc83b-d351-4b81-87d9-cdd3499c6662,832982cd-5f89-44be-94f5-a883b71dd2a3,89b24ab9-242d-4912-9ecb-04dbc3963341,Enterprise,Active,2499.0,2023-07-14,,2023-07-14,2024-12-31
f0bdbf69-eaa3-4657-900b-02fa1ae9936d,014c8ede-be6c-473d-b4fd-01c1d3d67fd4,9f3d57a1-d96e-4856-ae46-be466aa84503,Pro,Churned,599.0,2023-06-23,2024-10-29,2023-06-23,2024-10-29
ca3ecc5f-b2f1-435f-aa2a-9a4dda818e5e,b457f9de-feff-486d-b525-ac64bfa05fb2,9f3d57a1-d96e-4856-ae46-be466aa84503,Pro,Active,599.0,2023-02-08,,2023-02-08,2024-12-31
bb3904ba-7c56-415c-9b51-f5210830559e,5e0d88e0-2816-45c7-8580-ddd3205fdc8e,bf16ac86-1f74-4c16-9753-ce0f595f2600,Growth,Active,299.0,2023-05-13,,2023-05-13,2024-12-31
ea6f8668-0452-4772-b2bc-30872f3d6669,43d58308-fc1f-4e67-87c4-346a10928f20,9f3d57a1-d96e-4856-ae46-be466aa84503,Pro,Churned,599.0,2023-07-26,2024-03-17,2023-07-26,2024-03-17
13303fdd-59d1-492f-91e4-43359ce9c34f,c3d02232-9b94-42f8-908a-79be511376e6,58c8fb57-4bff-422d-9b08-8e3f27d2d550,Business,Active,1199.0,2023-10-20,,2023-10-20,2024-12-31
8158d686-fb72-4480-ab0f-be2e8ff9f5a5,b87edb3e-759f-4a45-b1cd-a3130922ea79,bf16ac86-1f74-4c16-9753-ce0f595f2600,Growth,Churned,277.72,2024-03-13,2024-07-25,2024-03-13,2024-07-25
5f995ad7-ad29-433f-bc78-f6bef109801d,c860eb80-5cb9-4212-9de9-6164e71d444d,bf16ac86-1f74-4c16-9753-ce0f595f2600,Growth,Active,299.0,2024-05-11,,2024-05-11,2024-12-31
dd68871d-0ce9-446f-81bc-d67de1590888,0a8d444a-873d-4292-bb6f-d03a5fcb3c79,b355e1c4-d914-48f1-89b9-ea6c5554ddf8,Starter,Churned,89.16,2024-05-24,2024-10-27,2024-05-24,2024-10-27
35f17ae1-9230-4f0e-89dc-11e50844bd72,18049b7f-c346-4250-a0d7-64f98c6ab572,9f3d57a1-d96e-4856-ae46-be466aa84503,Pro,Churned,599.0,2024-02-07,2024-11-04,2024-02-07,2024-11-04
602757db-4783-40bb-b51e-bf7481511151,f9e76b99-083c-4d48-a352-c1f2612ad795,b355e1c4-d914-48f1-89b9-ea6c5554ddf8,Starter,Churned,92.41,2024-04-18,2024-11-08,2024-04-18,2024-11-08
828d8621-be48-49aa-98d7-3fe465f0d4dd,d30f0e0b-b568-4d1c-83e1-e00420d88655,89b24ab9-242d-4912-9ecb-04dbc3963341,Enterprise,Active,2255.23,2024-02-18,,2024-02-18,2024-12-31
22e95905-cc39-4ec5-b2c4-1dcfeed5f3fd,8b356cbf-ce1a-4012-8838-2c8cedc35352,b355e1c4-d914-48f1-89b9-ea6c5554ddf8,Starter,Active,94.99,2024-05-18,,2024-05-18,2024-12-31
62548009-742f-449d-a18c-c528587ca15e,f884fc4c-06d5-4f7f-80a1-5ea2e65f9401,58c8fb57-4bff-422d-9b08-8e3f27d2d550,Business,Churned,1087.76,2024-05-18,2024-12-23,2024-05-18,2024-12-23
f9d37092-5fc1-4eda-a6e3-e020c609bc8c,a498fbad-0249-4538-8abf-1e5d559fe0da,9f3d57a1-d96e-4856-ae46-be466aa84503,Pro,Active,599.0,2024-08-03,,2024-08-03,2024-12-31
74520840-e496-43ce-9173-d0a3e078df9d,be2f5fbe-da90-4bea-b8d1-4cc176119a41,58c8fb57-4bff-422d-9b08-8e3f27d2d550,Business,Active,1091.57,2024-04-12,,2024-04-12,2024-12-31
c70ed379-674f-4ecf-a6a8-b6a61e7ec055,c2906001-dcd9-4e91-98b7-96e3561ee33b,89b24ab9-242d-4912-9ecb-04dbc3963341,Enterprise,Active,1976.01,2024-03-18,,2024-03-18,2024-12-31
539f46a9-2091-43c4-9009-c9303fec252f,43b15f43-fc3f-44c9-8a24-9c06147ee831,b355e1c4-d914-48f1-89b9-ea6c5554ddf8,Starter,Active,99.0,2024-06-24,,2024-06-24,2024-12-31
b8c83214-43a0-4041-bbbc-d6557f93e0d2,e92fa1ec-979c-4208-b408-9bca6d8f42e9,bf16ac86-1f74-4c16-9753-ce0f595f2600,Growth,Active,278.73,2024-03-28,,2024-03-28,2024-12-31
cddf60d7-51e9-410e-a301-f0cb0c51423f,a3111e7b-48bc-4c35-bdf7-f6099f8b56c4,58c8fb57-4bff-422d-9b08-8e3f27d2d550,Business,Active,1199.0,2024-05-22,,2024-05-22,2024-12-31
5812f18a-3501-4534-9f0d-31c6d482a988,689e68cc-e478-47b3-adb4-892e910269c0,58c8fb57-4bff-422d-9b08-8e3f27d2d550,Business,Churned,1156.15,2024-03-09,2024-11-18,2024-03-09,2024-11-18
b634d463-d31c-4102-84a9-9f1939a806d5,9364224f-900c-47b3-bd5b-98c089aa9565,bf16ac86-1f74-4c16-9753-ce0f595f2600,Growth,Active,299.0,2024-03-20,,2024-03-20,2024-12-31
f801abb8-d418-45c6-9782-e458275fffbe,50714ade-d60a-45b6-9ed8-ffcedc07d77b,9f3d57a1-d96e-4856-ae46-be466aa84503,Pro,Active,587.28,2024-04-02,,2024-04-02,2024-12-31
fb67621f-f5e1-4d08-b654-ea54f8b7d381,f43ca69c-0c42-46c6-b4f1-f80430a43e6a,58c8fb57-4bff-422d-9b08-8e3f27d2d550,Business,Active,957.33,2024-02-29,,2024-02-29,2024-12-31
5afe73a3-0f9c-4792-a425-40243f17acf5,c563915e-4541-448d-8bac-a7087abbbeb8,58c8fb57-4bff-422d-9b08-8e3f27d2d550,Business,Active,1175.69,2024-06-28,,2024-06-28,2024-12-31
3b07cbd4-5f34-46ff-9490-544b21b89c57,7b1b5fac-4e8a-45a8-848d-cdc7f8a381ab,89b24ab9-242d-4912-9ecb-04dbc3963341,Enterprise,Active,2499.0,2024-05-23,,2024-05-23,2024-12-31
d45dfd89-4fe8-41ab-aabf-be1c648b91af,5f071afc-06dc-48d9-9a00-972eda855da5,9f3d57a1-d96e-4856-ae46-be466aa84503,Pro,Active,575.19,2024-04-24,,2024-04-24,2024-12-31
1070fd2b-e4e3-495b-b2b6-cc0c06bb06d0,f430f4ea-04ab-4742-a837-e6f337baa05a,9f3d57a1-d96e-4856-ae46-be466aa84503,Pro,Active,599.0,2024-05-31,,2024-05-31,2024-12-31
e037a858-a973-4324-8e36-c87139bf9814,97a0e399-e474-4a0c-a999-2790844ef0a1,9f3d57a1-d96e-4856-ae46-be466aa84503,Pro,Active,508.11,2024-06-08,,2024-06-08,2024-12-31
f9222726-f180-4347-a9b8-75aa8dc342a0,9a1c7d7d-c9f0-4bf3-9a09-c6adf7883978,89b24ab9-242d-4912-9ecb-04dbc3963341,Enterprise,Churned,2499.0,2024-06-25,2024-11-18,2024-06-25,2024-11-18
ebd8deb7-fc50-46ba-80e7-bf6089173690,fad5e450-f65b-4604-877b-78f75e8cb0c1,58c8fb57-4bff-422d-9b08-8e3f27d2d550,Business,Active,1199.0,2024-04-05,,2024-04-05,2024-12-31
566cc23e-8e03-4bd8-9a5a-00212c05fc57,44d37fc4-e798-4b7a-9b89-106b23457a73,58c8fb57-4bff-422d-9b08-8e3f27d2d550,Business,Churned,948.06,2024-02-20,2024-10-17,2024-02-20,2024-10-17
83a3a798-105b-4b5c-962a-8b7371fd9d13,9ab25508-67cf-4391-980e-9701ac0912f1,89b24ab9-242d-4912-9ecb-04dbc3963341,Enterprise,Active,2477.49,2024-03-22,,2024-03-22,2024-12-31
83b542a8-74aa-4aa1-8ef8-39455013c09b,5da170da-9f7c-44b0-8a5e-6a35c8f35bce,89b24ab9-242d-4912-9ecb-04dbc3963341,Enterprise,Churned,2499.0,2024-05-08,2024-11-10,2024-05-08,2024-11-10
7aeb7c19-ee98-4d93-b4ee-ea4df524e583,49beed57-034f-464d-a824-79b828b12473,b355e1c4-d914-48f1-89b9-ea6c5554ddf8,Starter,Active,98.93,2024-07-04,,2024-07-04,2024-12-31
b3562710-b92e-44d1-86c6-cf522594e414,8f55e8ea-33c6-4a1f-bfa8-3631c67a3dc3,58c8fb57-4bff-422d-9b08-8e3f27d2d550,Business,Active,1178.03,2024-06-01,,2024-06-01,2024-12-31
0b2ffc7b-1070-4cc3-b72c-ead7f7d557e6,1f360caf-1d94-4f46-bd9d-b8b8c16624c4,bf16ac86-1f74-4c16-9753-ce0f595f2600,Growth,Churned,299.0,2024-06-08,2024-10-24,2024-06-08,2024-10-24
a0e2ef4f-0509-477d-89c8-99b1587b195c,a5ce87fa-f963-463f-913c-c9c202421234,9f3d57a1-d96e-4856-ae46-be466aa84503,Pro,Active,565.82,2024-05-05,,2024-05-05,2024-12-31
09fa079c-8d0b-462b-9fde-0813e291da73,03619a14-bc71-42bd-b1af-4ae52db95a34,9f3d57a1-d96e-4856-ae46-be466aa84503,Pro,Active,549.01,2024-05-28,,2024-05-28,2024-12-31
eb03f673-4a2a-4887-a285-da1a7df92745,9abc7db3-3d23-4c6a-9e93-8fb51c91a3e3,58c8fb57-4bff-422d-9b08-8e3f27d2d550,Business,Churned,1199.0,2024-03-12,2024-06-10,2024-03-12,2024-06-10
fd5e50f9-9fef-439a-b2fd-b278cdd48c9e,6929d3ba-9ddc-44c4-a76a-615492c94969,bf16ac86-1f74-4c16-9753-ce0f595f2600,Growth,Active,299.0,2024-04-06,,2024-04-06,2024-12-31
ec75c780-9846-43fd-8102-e3696bbe5357,3a8022b0-94de-4c58-aa6c-4e77015c439c,58c8fb57-4bff-422d-9b08-8e3f27d2d550,Business,Active,1199.0,2024-06-14,,2024-06-14,2024-12-31
913bf210-9404-43e2-9a04-4422adda81b2,7c4e8910-99fe-4ad6-8fcf-73d20c450d80,9f3d57a1-d96e-4856-ae46-be466aa84503,Pro,Churned,599.0,2024-05-22,2024-10-21,2024-05-22,2024-10-21
2851f6c3-98f1-4699-88dc-272595620304,6df7d6e5-186c-4204-9de0-0b1c27b1d926,b355e1c4-d914-48f1-89b9-ea6c5554ddf8,Starter,Active,99.0,2024-01-08,,2024-01-08,2024-12-31
89cbffcd-cf0c-4bc9-8ce2-668cece12ae2,124b10e5-d772-4b91-97fe-e084121762c9,58c8fb57-4bff-422d-9b08-8e3f27d2d550,Business,Active,1199.0,2024-02-01,,2024-02-01,2024-12-31
0b949e99-2be5-4090-826f-689dcfaea6a4,3f2ff492-9450-4245-b60b-df5637b4edf3,9f3d57a1-d96e-4856-ae46-be466aa84503,Pro,Active,599.0,2024-03-05,,2024-03-05,2024-12-31
57621ab9-0fc6-47e7-945d-07e0df58a9e0,e8d39bdc-af64-4ff0-9c47-fc49d9a025ea,58c8fb57-4bff-422d-9b08-8e3f27d2d550,Business,Active,1199.0,2024-01-18,,2024-01-18,2024-12-31
beddede1-524b-4cf8-9aac-ac57c192eb6a,bf4d230f-fcee-491a-bbad-7f202b1164a0,58c8fb57-4bff-422d-9b08-8e3f27d2d550,Business,Active,1199.0,2024-03-29,,2024-03-29,2024-12-31
259dd75a-c147-4e55-a588-973589d5fdee,4396b0a7-a456-462a-918a-2ad98c8ab23e,9f3d57a1-d96e-4856-ae46-be466aa84503,Pro,Churned,568.3,2024-08-01,2024-11-15,2024-08-01,2024-11-15
0fddaf5c-aedf-404a-a495-2120bc5e36dd,b159ff0a-60f4-476e-bc03-e71d72e03fae,bf16ac86-1f74-4c16-9753-ce0f595f2600,Growth,Churned,299.0,2024-04-23,2024-10-11,2024-04-23,2024-10-11
c0e789e1-3c9c-4f20-9809-065eecb642f7,c6a16f99-bab1-46c0-923e-f31e4bf21d42,58c8fb57-4bff-422d-9b08-8e3f27d2d550,Business,Active,921.13,2024-07-02,,2024-07-02,2024-12-31
ed4727df-3857-4f53-9a25-3b7fb28335ac,b35b9d61-5521-435c-9c2f-6aaf7fe4ac84,b355e1c4-d914-48f1-89b9-ea6c5554ddf8,Starter,Active,96.3,2024-05-28,,2024-05-28,2024-12-31
6692cbb8-e874-4815-b91e-a1dd9f37e200,f6b20545-7607-4ff5-be8f-fd8f2449c606,9f3d57a1-d96e-4856-ae46-be466aa84503,Pro,Active,534.72,2024-05-31,,2024-05-31,2024-12-31
dbb44f53-60a6-43af-9ee3-fdfee60054b5,7facafa4-7a35-4f52-95cb-ad85c1d18a7d,b355e1c4-d914-48f1-89b9-ea6c5554ddf8,Starter,Churned,99.0,2024-02-17,2024-10-24,2024-02-17,2024-10-24
28aae73f-bff9-4587-9991-32b80e426b80,e895dd4b-a0e5-4c42-bc7d-944c1fb0d78a,bf16ac86-1f74-4c16-9753-ce0f595f2600,Growth,Active,299.0,2024-06-20,,2024-06-20,2024-12-31
8905f994-a312-4826-a62f-b5910882ca34,d74874bb-54ff-437d-8fc0-77294f9fe2bd,bf16ac86-1f74-4c16-9753-ce0f595f2600,Growth,Active,299.0,2024-06-24,,2024-06-24,2024-12-31
d24beff7-f85e-45ea-8f54-6263639e5839,2534ed5d-0358-486a-8b8b-65c35f0c9d5a,9f3d57a1-d96e-4856-ae46-be466aa84503,Pro,Active,549.47,2024-07-12,,2024-07-12,2024-12-31
fd62c99e-59db-4f2f-8a1c-53a5e0551405,a2f950c7-ccba-43d3-b076-03cef73e1dc2,9f3d57a1-d96e-4856-ae46-be466aa84503,Pro,Active,599.0,2024-03-14,,2024-03-14,2024-12-31
6ff5124c-4da9-4ea5-a0bc-0d08c490d88e,bea39944-c7df-43bc-851e-7e8cd90c995c,9f3d57a1-d96e-4856-ae46-be466aa84503,Pro,Active,593.26,2024-02-17,,2024-02-17,2024-12-31
4214da95-6c27-432e-b5ae-838ed30a49a2,79ba6b9d-9bf3-4b80-82f3-ea3bc3eb65ec,bf16ac86-1f74-4c16-9753-ce0f595f2600,Growth,Active,298.61,2024-05-04,,2024-05-04,2024-12-31
8da877f5-f605-4be7-a731-2048558923e1,93345a5d-83e4-4a45-8378-9bd2f6fb6d46,58c8fb57-4bff-422d-9b08-8e3f27d2d550,Business,Churned,1149.6,2024-02-03,2024-06-11,2024-02-03,2024-06-11
3c1e997e-ab53-40a4-bdfa-3c828ae952bf,faea6bb2-9fa6-4b13-99f5-52e682aa4845,89b24ab9-242d-4912-9ecb-04dbc3963341,Enterprise,Active,2499.0,2024-02-13,,2024-02-13,2024-12-31
dabe88f5-3594-459a-b857-cc568a577b89,fd81dd01-88dd-400a-8a62-f75703a3e98e,89b24ab9-242d-4912-9ecb-04dbc3963341,Enterprise,Active,2345.7,2024-05-11,,2024-05-11,2024-12-31
68144f2d-7de5-4896-94c0-2c716784a917,7d4cb707-07f1-4287-bcdd-43adad8565ed,89b24ab9-242d-4912-9ecb-04dbc3963341,Enterprise,Active,2323.5,2024-01-19,,2024-01-19,2024-12-31
f798abda-19ca-4a2c-8d44-7a84179b7d62,f0cb05ba-25a1-403d-b8a6-271be8180f4d,b355e1c4-d914-48f1-89b9-ea6c5554ddf8,Starter,Active,87.37,2024-01-10,,2024-01-10,2024-12-31
9edb373c-fab9-4272-8dc7-4ec3a14ce811,7b79ab7f-ac55-4e8c-ab73-f4015f415c92,58c8fb57-4bff-422d-9b08-8e3f27d2d550,Business,Active,1199.0,2024-07-06,,2024-07-06,2024-12-31
a67622a8-938c-467e-9366-33c6a24c3b2f,27d78f23-f261-4521-b5aa-c742b61efd72,9f3d57a1-d96e-4856-ae46-be466aa84503,Pro,Active,599.0,2024-01-27,,2024-01-27,2024-12-31
8175d2ab-b2b2-4d00-8458-4b76af3882b1,5c130496-f738-48d1-91de-14eab4e7ef84,89b24ab9-242d-4912-9ecb-04dbc3963341,Enterprise,Active,2499.0,2024-02-04,,2024-02-04,2024-12-31
5b82d328-03cc-4abc-a65f-8e6bb9def494,1ec2c8a4-f09f-4831-ac49-b26802a7bd3f,9f3d57a1-d96e-4856-ae46-be466aa84503,Pro,Active,599.0,2024-06-15,,2024-06-15,2024-12-31
03b6c87e-ed2b-41fb-9182-6aac5f94783e,c3e6b0a0-8d27-4695-a6d5-35d06afcfb19,b355e1c4-d914-48f1-89b9-ea6c5554ddf8,Starter,Active,91.63,2024-04-17,,2024-04-17,2024-12-31
020a2eda-521c-47c1-894d-b899c84f67f6,4119d476-0f0c-4712-9bcc-0345c1f347ee,bf16ac86-1f74-4c16-9753-ce0f595f2600,Growth,Active,299.0,2024-02-16,,2024-02-16,2024-12-31
d517ab67-daef-4458-9823-4e74f5899700,01d15769-b875-476e-b6a6-f2e8b0475518,bf16ac86-1f74-4c16-9753-ce0f595f2600,Growth,Active,292.73,2024-02-28,,2024-02-28,2024-12-31
3c560e74-1908-48e0-a0bf-a1189312eb64,e9f2a550-dc96-41af-a87c-738b3a0a85a3,b355e1c4-d914-48f1-89b9-ea6c5554ddf8,Starter,Active,87.95,2024-04-04,,2024-04-04,2024-12-31
26db2e5c-6c99-4b65-8861-b05b121b66ed,0ed95dc9-8ca6-4e56-8405-daa10d853936,b355e1c4-d914-48f1-89b9-ea6c5554ddf8,Starter,Active,86.18,2024-06-22,,2024-06-22,2024-12-31
d40a42b6-cf83-4348-a456-d36affe489cb,2bd62f6b-a169-4bac-a481-1ab0ac5df4a3,89b24ab9-242d-4912-9ecb-04dbc3963341,Enterprise,Churned,2499.0,2024-02-24,2024-06-23,2024-02-24,2024-06-23
4433b721-216d-4c62-8217-ee7d84daf33a,ed71232e-769d-45c3-9e5f-97eb7fd6b7f4,9f3d57a1-d96e-4856-ae46-be466aa84503,Pro,Active,596.41,2024-04-09,,2024-04-09,2024-12-31
3904c4dd-0fbc-4e64-bd38-31ed9add84fa,7fc3db8f-5abe-4b2e-9fe5-35c89a01bde1,b355e1c4-d914-48f1-89b9-ea6c5554ddf8,Starter,Active,99.0,2024-02-11,,2024-02-11,2024-12-31
8caa4ec5-388b-4cbe-bb82-6b9346e07253,a84b0264-948a-423b-b6ad-f26b33676afc,bf16ac86-1f74-4c16-9753-ce0f595f2600,Growth,Active,299.0,2024-02-27,,2024-02-27,2024-12-31
aac41635-fbb2-4e98-a647-77e9111e6579,800204a4-61c8-4bcd-b9fe-e09759f3f89a,bf16ac86-1f74-4c16-9753-ce0f595f2600,Growth,Active,299.0,2024-02-16,,2024-02-16,2024-12-31
9a12d2ad-bcde-4d60-b722-edca4eb5b9ad,3b0ad38a-7758-425a-ae9c-f147e0a2a5dd,b355e1c4-d914-48f1-89b9-ea6c5554ddf8,Starter,Active,99.0,2024-05-09,,2024-05-09,2024-12-31
c5e6c527-c2a3-48d2-b5a0-2118702c7da5,e692180a-bf05-460e-b2dc-460811d080a5,9f3d57a1-d96e-4856-ae46-be466aa84503,Pro,Active,542.17,2024-06-01,,2024-06-01,2024-12-31
e2d73334-3882-4c22-bef0-61d13cb52fc8,a7f976c1-b47f-49a4-98ed-1f7a17e2cdc4,89b24ab9-242d-4912-9ecb-04dbc3963341,Enterprise,Active,2303.88,2024-06-02,,2024-06-02,2024-12-31
342940b9-6418-42ba-bf3f-d4872559f025,a782e37c-0b70-4c33-afbd-348d90fa835a,89b24ab9-242d-4912-9ecb-04dbc3963341,Enterprise,Churned,2499.0,2024-04-08,2024-12-02,2024-04-08,2024-12-02
fb0c3287-a665-4d85-b5c6-cce2b4fe854d,5b8f3270-b12a-4e8c-9c8e-521b842ad92b,b355e1c4-d914-48f1-89b9-ea6c5554ddf8,Starter,Churned,81.25,2024-07-26,2024-11-29,2024-07-26,2024-11-29
14409ea2-74e5-4332-9b39-30de0628ebe7,42541f8b-9649-4b51-87dd-e0cc22575bd0,bf16ac86-1f74-4c16-9753-ce0f595f2600,Growth,Churned,272.04,2024-06-15,2024-12-14,2024-06-15,2024-12-14
3deae85c-85bd-4be3-9a01-847af72a8b83,35504f13-41ee-4eb0-911b-7d2b36ffab02,b355e1c4-d914-48f1-89b9-ea6c5554ddf8,Starter,Active,99.0,2024-01-15,,2024-01-15,2024-12-31
d34c784e-cd50-4ac5-80dd-9bb1c5d2eef5,d7879a30-d1ac-4d29-acfb-4cda2a5cb4d5,58c8fb57-4bff-422d-9b08-8e3f27d2d550,Business,Churned,1155.06,2024-07-10,2024-10-21,2024-07-10,2024-10-21
1d43b8a9-eba7-4794-b8f4-182e78b86e07,88101a93-66a3-4586-abf3-907c2cb488c2,bf16ac86-1f74-4c16-9753-ce0f595f2600,Growth,Active,299.0,2024-06-22,,2024-06-22,2024-12-31
488dc7c3-5009-4d02-ad76-3413c3e9228b,4a273ef6-b042-4249-a102-468cef1336e9,58c8fb57-4bff-422d-9b08-8e3f27d2d550,Business,Active,1199.0,2024-06-08,,2024-06-08,2024-12-31
23f04cdc-da22-4696-ad52-43faf79dab13,cbbaccb2-cf89-4a49-91bb-2b6ea08aa63f,58c8fb57-4bff-422d-9b08-8e3f27d2d550,Business,Active,1199.0,2024-01-29,,2024-01-29,2024-12-31
2f34c464-e43e-4dfd-b005-0bc3cb662ced,697f6ef8-5593-48a9-802b-6cfd84cb08b5,9f3d57a1-d96e-4856-ae46-be466aa84503,Pro,Active,599.0,2024-06-15,,2024-06-15,2024-12-31
ebbbb65b-d968-47c7-9dd3-05cad59dcc70,dcbdcea3-c343-4a0d-99db-af5f8e2626a3,89b24ab9-242d-4912-9ecb-04dbc3963341,Enterprise,Active,2465.04,2024-01-28,,2024-01-28,2024-12-31
1df7392b-db12-4795-8dd8-5af87ab5aae3,ea033748-e7d0-4760-99b2-75d1e8cd1cdc,89b24ab9-242d-4912-9ecb-04dbc3963341,Enterprise,Active,2318.54,2024-05-21,,2024-05-21,2024-12-31
598a4131-fd01-450c-99b4-e1e54d7872d1,fd0f92da-77e5-4be0-bc60-e04665f7c831,b355e1c4-d914-48f1-89b9-ea6c5554ddf8,Starter,Active,83.39,2024-06-11,,2024-06-11,2024-12-31
c95fb046-e745-45ea-9489-4f19a3cd6bea,41088f90-009b-4008-bbb8-b4fd1dc2ec7b,9f3d57a1-d96e-4856-ae46-be466aa84503,Pro,Active,557.85,2024-02-23,,2024-02-23,2024-12-31
dff62a93-c133-413a-88f4-648a46c22cc1,c239960b-fe01-4425-9be4-d00485690c23,58c8fb57-4bff-422d-9b08-8e3f27d2d550,Business,Active,1199.0,2024-01-20,,2024-01-20,2024-12-31
59fceafd-aca0-4505-bf19-342f0acdf9f0,d7ce23f9-5e28-48b0-8bc8-3fc8797ea692,58c8fb57-4bff-422d-9b08-8e3f27d2d550,Business,Active,1199.0,2024-02-09,,2024-02-09,2024-12-31
5f485d19-f613-492b-ae86-0d2ade9f9fce,199df780-93ec-4eb2-96ac-3df8dbadfd79,58c8fb57-4bff-422d-9b08-8e3f27d2d550,Business,Churned,1086.4,2024-03-16,2024-12-03,2024-03-16,2024-12-03
157bc8ed-4ddc-4a08-ae45-86859dedb09f,d6632e8a-6452-4fa7-ac16-11b2454f602a,58c8fb57-4bff-422d-9b08-8e3f27d2d550,Business,Active,1118.42,2024-07-24,,2024-07-24,2024-12-31
a249aa20-1a94-4dc5-b337-347b28475a97,bc43590e-11c8-4955-b46f-24c355816d7c,b355e1c4-d914-48f1-89b9-ea6c5554ddf8,Starter,Churned,99.0,2024-04-19,2024-10-28,2024-04-19,2024-10-28
2091e7f0-d257-4376-abde-622e0a1e3eeb,05ce6183-ad7e-4cd8-92dd-fe50d55a9593,89b24ab9-242d-4912-9ecb-04dbc3963341,Enterprise,Churned,1882.66,2024-06-12,2024-10-05,2024-06-12,2024-10-05
195fb10d-9fa4-4672-ae29-271b4d8e1055,4935658e-7cab-4107-9016-665972f828cd,9f3d57a1-d96e-4856-ae46-be466aa84503,Pro,Churned,587.0,2024-07-11,2024-12-02,2024-07-11,2024-12-02
948572ac-a03b-4000-9137-1ec422fb7062,731158e2-7eb2-406d-8214-4e323ed499f2,58c8fb57-4bff-422d-9b08-8e3f27d2d550,Business,Active,1165.61,2024-04-28,,2024-04-28,2024-12-31
e84a2b74-517b-4619-939e-26f77b3f2e48,1849cc6a-648a-4028-9d02-e26ad891648d,89b24ab9-242d-4912-9ecb-04dbc3963341,Enterprise,Active,2430.78,2024-05-23,,2024-05-23,2024-12-31
635b21ff-c232-49e0-be72-65371becb4e6,905e31f7-e781-41ab-adbd-9867c3177ae5,9f3d57a1-d96e-4856-ae46-be466aa84503,Pro,Active,570.5,2024-07-06,,2024-07-06,2024-12-31
dae95c3d-d5c7-4651-88c9-385de26c96c4,98fc8c1d-18bf-4c82-80c9-414fae92e8be,58c8fb57-4bff-422d-9b08-8e3f27d2d550,Business,Active,987.12,2024-02-23,,2024-02-23,2024-12-31
b1fd812a-99ad-4262-a90c-dabb661de55a,b7e16c2a-6c30-4836-9b6f-e7140b7a1619,b355e1c4-d914-48f1-89b9-ea6c5554ddf8,Starter,Active,99.0,2024-06-03,,2024-06-03,2024-12-31
3d2731af-8caa-4a8a-a1be-3ba38e2b223c,eeec62e7-d2a6-40f9-b7ef-5bc6aa783e33,58c8fb57-4bff-422d-9b08-8e3f27d2d550,Business,Churned,1171.32,2024-06-07,2024-12-08,2024-06-07,2024-12-08
2570cb89-eaab-4272-8309-ee0116e04903,44ce6e9c-3c9b-4ea9-85d5-9401079c7084,b355e1c4-d914-48f1-89b9-ea6c5554ddf8,Starter,Active,90.78,2024-05-16,,2024-05-16,2024-12-31
4d7c063e-1735-4de4-aeeb-57b850d5859a,255a0588-1337-4a44-bc3b-b387e7d8639a,bf16ac86-1f74-4c16-9753-ce0f595f2600,Growth,Active,299.0,2024-02-13,,2024-02-13,2024-12-31
d309cb32-067c-4291-842f-ae0491f8b287,6f89dd9e-05d9-42cd-99f6-6f1d8e111fcb,9f3d57a1-d96e-4856-ae46-be466aa84503,Pro,Active,525.38,2024-06-15,,2024-06-15,2024-12-31
be819339-2607-47b7-b883-ceb768c80a91,7313a1f9-4ba5-4fa9-8bec-87f43aea237d,b355e1c4-d914-48f1-89b9-ea6c5554ddf8,Starter,Active,99.0,2024-03-22,,2024-03-22,2024-12-31
6c6043c8-0c99-4d38-9a88-101b6148c3c2,da890219-d7ca-4ee3-979b-c3a5ab827540,58c8fb57-4bff-422d-9b08-8e3f27d2d550,Business,Active,1103.95,2024-06-19,,2024-06-19,2024-12-31
d2d0d1b7-9d71-480d-95c2-0eef1fd09c87,6de7a7c4-2c74-4da0-bdca-4947a5f82096,58c8fb57-4bff-422d-9b08-8e3f27d2d550,Business,Active,990.93,2024-02-18,,2024-02-18,2024-12-31
200359be-bf4c-4a8b-9fae-af3a066b3f81,ece2b18d-6370-4f59-a756-649cea125ab9,89b24ab9-242d-4912-9ecb-04dbc3963341,Enterprise,Churned,2499.0,2024-05-31,2024-12-04,2024-05-31,2024-12-04
67d9b1a6-95ec-4923-9700-f3a6a3042183,63178904-6dae-4ee3-acaa-1848168c5137,b355e1c4-d914-48f1-89b9-ea6c5554ddf8,Starter,Active,99.0,2024-04-29,,2024-04-29,2024-12-31
f606aa5e-f990-4cca-b14b-7246b1d7cf0a,14d6add8-d3fa-447e-a1e8-6fd3dbed80cd,b355e1c4-d914-48f1-89b9-ea6c5554ddf8,Starter,Active,99.0,2024-03-18,,2024-03-18,2024-12-31
64687f72-e1c3-448b-8d89-11e25d21cfdc,ead02125-bdf2-418c-9645-eef42986e9a7,58c8fb57-4bff-422d-9b08-8e3f27d2d550,Business,Active,1199.0,2024-02-23,,2024-02-23,2024-12-31
94a2338c-1126-4776-a918-54127a49f36d,18ab3b0a-7daa-4083-96b5-93b3d0dbc123,b355e1c4-d914-48f1-89b9-ea6c5554ddf8,Starter,Active,99.0,2024-04-28,,2024-04-28,2024-12-31
7c8b1c61-2c87-4027-a6df-21d318c6d358,7c5f882b-c5bc-4378-8376-601d6d232d0d,9f3d57a1-d96e-4856-ae46-be466aa84503,Pro,Churned,599.0,2024-08-09,2024-12-04,2024-08-09,2024-12-04
bdecc447-bb02-44b1-bb7b-0de68465c6d1,5a9e33e7-7a2e-4010-aa0f-8bb164818ad8,bf16ac86-1f74-4c16-9753-ce0f595f2600,Growth,Active,289.66,2024-06-16,,2024-06-16,2024-12-31
a753bc43-e8f9-49a1-baf3-98921b0f049b,83f93127-35d9-466a-993f-b551aed2ecf0,b355e1c4-d914-48f1-89b9-ea6c5554ddf8,Starter,Active,99.0,2024-07-21,,2024-07-21,2024-12-31
ce11d95d-f801-4646-b6ef-ff83e317cd07,4abf9576-61f7-4418-baa4-443d39d323f2,89b24ab9-242d-4912-9ecb-04dbc3963341,Enterprise,Active,2327.72,2024-05-13,,2024-05-13,2024-12-31
b991e86f-aa0f-494a-bf46-7fac9b069883,8eb721d3-8837-478d-8a70-11a76040be1f,89b24ab9-242d-4912-9ecb-04dbc3963341,Enterprise,Churned,2285.5,2024-02-20,2024-07-26,2024-02-20,2024-07-26
a3c24fdb-be44-4d61-9971-f308281acb71,fd6d2358-5e30-4144-b72f-aa29bd4a0311,58c8fb57-4bff-422d-9b08-8e3f27d2d550,Business,Active,1199.0,2024-05-09,,2024-05-09,2024-12-31
e7b5aa8e-2e43-44b4-ab00-d3613f285fbd,878a2909-87f0-4817-9777-c12cbb8eb27d,89b24ab9-242d-4912-9ecb-04dbc3963341,Enterprise,Active,2499.0,2024-08-10,,2024-08-10,2024-12-31
40fd5282-5251-4700-b23c-f6ec94daa63b,a816d2eb-0081-492e-9939-51909b4de855,9f3d57a1-d96e-4856-ae46-be466aa84503,Pro,Churned,599.0,2024-06-03,2024-11-15,2024-06-03,2024-11-15
4d34c57b-7a17-4392-968a-28688308e8ce,248b84bd-6752-45cb-b35a-7ebbb32badda,b355e1c4-d914-48f1-89b9-ea6c5554ddf8,Starter,Active,99.0,2024-05-01,,2024-05-01,2024-12-31
2335cc66-4a74-4872-98f5-3cef71e76e6f,d4f001df-69f3-44bd-b9c2-310982426f06,9f3d57a1-d96e-4856-ae46-be466aa84503,Pro,Churned,466.36,2024-04-16,2024-12-22,2024-04-16,2024-12-22
bb32dac8-6dd3-404e-a09f-f721b82ca703,0cf6e7cf-796d-4c6f-99f1-073a95350465,9f3d57a1-d96e-4856-ae46-be466aa84503,Pro,Churned,599.0,2024-07-06,2024-11-17,2024-07-06,2024-11-17
ae5db0ea-e7fd-40b3-a309-88896bf454a4,b12a450e-3abc-47f6-9af8-06c7eaa33772,9f3d57a1-d96e-4856-ae46-be466aa84503,Pro,Active,599.0,2024-03-06,,2024-03-06,2024-12-31
e573625a-65cf-4326-a541-a1869e89800e,81474fd7-69ed-44fe-9622-aa2abe69f26b,bf16ac86-1f74-4c16-9753-ce0f595f2600,Growth,Active,299.0,2024-04-01,,2024-04-01,2024-12-31
e1a73b42-eac4-4b05-9246-1e7499e99ff8,d749d97e-e0ec-42c9-a6a1-32645b97fca3,9f3d57a1-d96e-4856-ae46-be466aa84503,Pro,Churned,563.51,2024-06-04,2024-10-11,2024-06-04,2024-10-11
4b1dfc06-4c6e-4663-9907-365403139ea2,f311a12e-2252-478a-844d-f377279f39c9,b355e1c4-d914-48f1-89b9-ea6c5554ddf8,Starter,Churned,99.0,2024-07-17,2024-12-22,2024-07-17,2024-12-22
c30e8b3f-47c0-4650-8d69-f4ade8f39eca,91b64af1-cd18-474e-a02b-4b2557bbccfa,9f3d57a1-d96e-4856-ae46-be466aa84503,Pro,Active,535.74,2024-07-19,,2024-07-19,2024-12-31
d82900a6-f7bc-44e6-9505-b2d15af059cd,cf782e6f-a243-4a95-b31e-0b1eb0ed801e,89b24ab9-242d-4912-9ecb-04dbc3963341,Enterprise,Active,2499.0,2024-04-10,,2024-04-10,2024-12-31
1fb54bb3-8e2c-426d-a1c2-d2e63385b41a,16623634-c861-4645-8103-3c4fa62d2041,9f3d57a1-d96e-4856-ae46-be466aa84503,Pro,Active,599.0,2024-04-06,,2024-04-06,2024-12-31
52e98f9c-5e87-40b7-a54e-41bbacf06914,240a5fa9-b9f5-45e0-9fca-7157f21ac3fe,89b24ab9-242d-4912-9ecb-04dbc3963341,Enterprise,Active,2493.44,2024-06-08,,2024-06-08,2024-12-31
6c161a72-a0d5-45f2-b375-a6585e7ec04b,14db254e-d41e-425c-ae68-c922d5490c8e,58c8fb57-4bff-422d-9b08-8e3f27d2d550,Business,Active,1160.34,2024-04-29,,2024-04-29,2024-12-31
6d1ed99a-b058-4ded-a7d7-3d06f171479c,c07744a2-bbfd-4be0-90d5-f102021606ca,b355e1c4-d914-48f1-89b9-ea6c5554ddf8,Starter,Active,92.16,2024-07-06,,2024-07-06,2024-12-31
2c44666d-e806-4254-abe6-8bf994cef779,8270c3ff-133a-4835-9aea-ad6be6cc6bb2,89b24ab9-242d-4912-9ecb-04dbc3963341,Enterprise,Active,2499.0,2024-04-02,,2024-04-02,2024-12-31
94a04e4b-001d-43e2-a39c-995a45acd76f,350a377f-25e6-46eb-982f-19ff61071e6a,89b24ab9-242d-4912-9ecb-04dbc3963341,Enterprise,Active,2499.0,2024-06-17,,2024-06-17,2024-12-31
e5acd31b-938c-4502-b4d8-6893155d00c2,7124314a-63ed-4c4a-954a-6f7acbe86d6e,58c8fb57-4bff-422d-9b08-8e3f27d2d550,Business,Active,1174.81,2024-03-03,,2024-03-03,2024-12-31
63cc2f5a-2342-48b0-9082-e3ae7972551d,83f7ec5f-095a-4a44-90be-029e5141607d,b355e1c4-d914-48f1-89b9-ea6c5554ddf8,Starter,Churned,76.62,2024-08-01,2024-11-15,2024-08-01,2024-11-15
d5718b50-8e1d-49cc-a7a4-571bfea8d2a4,1f98d173-0859-4a82-9276-cf1710fb1a66,b355e1c4-d914-48f1-89b9-ea6c5554ddf8,Starter,Active,84.68,2024-03-26,,2024-03-26,2024-12-31
9b12d406-5e2c-4d0e-a12c-481506972110,90bedee4-a68d-45df-b8e2-5fe20d5b4732,bf16ac86-1f74-4c16-9753-ce0f595f2600,Growth,Active,299.0,2024-03-28,,2024-03-28,2024-12-31
db003d99-b542-4f50-9fdc-e9b4a00c5065,00558398-e3e0-4ab7-b085-4867cc79ad71,b355e1c4-d914-48f1-89b9-ea6c5554ddf8,Starter,Active,99.0,2024-06-29,,2024-06-29,2024-12-31
6dc28964-3750-414e-b6f7-2317bd600ba1,12467822-3173-41d6-81e0-b163c363411a,b355e1c4-d914-48f1-89b9-ea6c5554ddf8,Starter,Active,99.0,2024-07-14,,2024-07-14,2024-12-31
50a00532-a995-43c4-9f28-4f4f70e61e59,bc33570d-fb78-4834-8717-b4030d2c0fba,b355e1c4-d914-48f1-89b9-ea6c5554ddf8,Starter,Active,99.0,2024-06-26,,2024-06-26,2024-12-31
f809b08f-2ddb-4006-9d7b-8d167638c376,480f9778-f51c-4947-954e-f673638b90f0,58c8fb57-4bff-422d-9b08-8e3f27d2d550,Business,Churned,1199.0,2024-03-13,2024-12-31,2024-03-13,2024-12-31
240204e5-caf4-4c99-99c2-477bea7932ca,2527bf4e-3764-4049-ba59-08c172af4d7d,b355e1c4-d914-48f1-89b9-ea6c5554ddf8,Starter,Active,99.0,2024-07-19,,2024-07-19,2024-12-31
c4e8d8d4-bcd2-4db1-bee0-3a6575512b4e,af160257-2bd2-4958-b245-91c6ad5d6530,89b24ab9-242d-4912-9ecb-04dbc3963341,Enterprise,Active,2298.05,2024-02-17,,2024-02-17,2024-12-31
c47f9204-b760-424b-930b-7a1ff00c9499,38326177-1d1a-4233-b762-925b15d7cb5e,9f3d57a1-d96e-4856-ae46-be466aa84503,Pro,Active,521.12,2024-07-01,,2024-07-01,2024-12-31
79373715-1e6c-440d-8cbc-7dd2683a3e7d,2ba33357-790f-466c-9fbd-a55e88e2a000,89b24ab9-242d-4912-9ecb-04dbc3963341,Enterprise,Active,2499.0,2024-06-14,,2024-06-14,2024-12-31
986a0e27-0abd-4b5b-a1eb-25e627e3a794,e2247e2a-b9fb-4264-b770-26a6112738e8,89b24ab9-242d-4912-9ecb-04dbc3963341,Enterprise,Active,2181.4,2024-06-13,,2024-06-13,2024-12-31
106e5da1-75b5-4ada-8705-54343a79190e,ab7cdb8a-eaad-4ac7-bb71-27aae5f09f12,89b24ab9-242d-4912-9ecb-04dbc3963341,Enterprise,Active,2499.0,2024-05-27,,2024-05-27,2024-12-31
5e7614be-35e1-4b68-90ab-8491ee12e91b,0a2de847-9bee-498b-9129-ef964fb98f6e,bf16ac86-1f74-4c16-9753-ce0f595f2600,Growth,Active,279.24,2024-04-21,,2024-04-21,2024-12-31
11c416dc-7b3d-4b4d-a7ba-971834eb7201,412aea8f-2c62-4918-9134-c7ac65c4cfe1,89b24ab9-242d-4912-9ecb-04dbc3963341,Enterprise,Active,2296.85,2024-05-08,,2024-05-08,2024-12-31
fd466094-f99b-41d9-bbf4-7c9464e130b4,171afd70-e75a-4316-80c0-143ae5c57aba,b355e1c4-d914-48f1-89b9-ea6c5554ddf8,Starter,Active,93.83,2024-01-29,,2024-01-29,2024-12-31
b93b6767-a548-4633-9d53-0af8ab3f7da3,0a8be993-6122-4ddd-8729-f525a09a9f9f,bf16ac86-1f74-4c16-9753-ce0f595f2600,Growth,Active,294.5,2024-06-09,,2024-06-09,2024-12-31
c7231c4d-6eb4-45a9-9f52-cf6e6371322c,c1aeb1bb-9d5f-4ab6-a522-66f8db7a5f5d,58c8fb57-4bff-422d-9b08-8e3f27d2d550,Business,Active,1199.0,2024-06-20,,2024-06-20,2024-12-31
